RunTime,ExecutableName
2019-01-20 21:13:42,\VOLUME{01d4afbc17080c3d-ea174897}\WINDOWS\SYSTEM32\SVCHOST.EXE
2019-01-20 21:11:04,\VOLUME{01d4afbc17080c3d-ea174897}\WINDOWS\SYSTEM32\SVCHOST.EXE
2019-01-20 03:51:20,\VOLUME{01d4afbc17080c3d-ea174897}\WINDOWS\SYSTEM32\SVCHOST.EXE
2019-01-19 03:08:32,\VOLUME{01d4afbc17080c3d-ea174897}\WINDOWS\SYSTEM32\SVCHOST.EXE
2019-01-21 19:49:47,\VOLUME{0000000000000000-cefb0e37}\FORENSIC TOOLS\EDD.EXE
2019-01-20 03:51:04,\VOLUME{01d4afbc17080c3d-ea174897}\WINDOWS\SYSTEM32\RUNDLL32.EXE
2019-01-20 03:02:23,\VOLUME{01d4afbc17080c3d-ea174897}\WINDOWS\SYSTEM32\RUNDLL32.EXE
2019-01-20 03:01:09,\VOLUME{01d4afbc17080c3d-ea174897}\WINDOWS\SYSTEM32\RUNDLL32.EXE
2019-01-20 03:00:05,\VOLUME{01d4afbc17080c3d-ea174897}\WINDOWS\SYSTEM32\RUNDLL32.EXE
2019-01-20 02:46:17,\VOLUME{01d4afbc17080c3d-ea174897}\WINDOWS\SYSTEM32\RUNDLL32.EXE
2019-01-20 02:45:11,\VOLUME{01d4afbc17080c3d-ea174897}\WINDOWS\SYSTEM32\RUNDLL32.EXE
2019-01-20 02:43:59,\VOLUME{01d4afbc17080c3d-ea174897}\WINDOWS\SYSTEM32\RUNDLL32.EXE
2019-01-20 02:42:10,\VOLUME{01d4afbc17080c3d-ea174897}\WINDOWS\SYSTEM32\RUNDLL32.EXE
2019-01-20 21:25:35,\VOLUME{01d4afbc17080c3d-ea174897}\WINDOWS\SYSTEM32\DLLHOST.EXE
2019-01-20 21:10:05,\VOLUME{01d4afbc17080c3d-ea174897}\WINDOWS\SYSTEM32\DLLHOST.EXE
2019-01-21 19:51:19,\VOLUME{01d4afbc17080c3d-ea174897}\WINDOWS\SYSTEM32\SEARCHFILTERHOST.EXE
2019-01-21 19:41:07,\VOLUME{01d4afbc17080c3d-ea174897}\WINDOWS\SYSTEM32\SEARCHFILTERHOST.EXE
2019-01-21 19:21:19,\VOLUME{01d4afbc17080c3d-ea174897}\WINDOWS\SYSTEM32\SEARCHFILTERHOST.EXE
2019-01-21 19:17:26,\VOLUME{01d4afbc17080c3d-ea174897}\WINDOWS\SYSTEM32\SEARCHFILTERHOST.EXE
2019-01-21 19:14:43,\VOLUME{01d4afbc17080c3d-ea174897}\WINDOWS\SYSTEM32\SEARCHFILTERHOST.EXE
2019-01-21 19:07:21,\VOLUME{01d4afbc17080c3d-ea174897}\WINDOWS\SYSTEM32\SEARCHFILTERHOST.EXE
2019-01-21 19:02:23,\VOLUME{01d4afbc17080c3d-ea174897}\WINDOWS\SYSTEM32\SEARCHFILTERHOST.EXE
2019-01-21 18:57:21,\VOLUME{01d4afbc17080c3d-ea174897}\WINDOWS\SYSTEM32\SEARCHFILTERHOST.EXE
2019-01-21 19:16:10,\VOLUME{01d4afbc17080c3d-ea174897}\PROGRAM FILES\LIBREOFFICE\PROGRAM\SOFFICE.BIN
2019-01-21 19:15:47,\VOLUME{01d4afbc17080c3d-ea174897}\PROGRAM FILES\LIBREOFFICE\PROGRAM\SOFFICE.BIN
2019-01-21 05:07:00,\VOLUME{01d4afbc17080c3d-ea174897}\PROGRAM FILES\LIBREOFFICE\PROGRAM\SOFFICE.BIN
2019-01-21 05:06:24,\VOLUME{01d4afbc17080c3d-ea174897}\PROGRAM FILES\LIBREOFFICE\PROGRAM\SOFFICE.BIN
2019-01-21 05:05:04,\VOLUME{01d4afbc17080c3d-ea174897}\PROGRAM FILES\LIBREOFFICE\PROGRAM\SOFFICE.BIN
2019-01-21 05:04:09,\VOLUME{01d4afbc17080c3d-ea174897}\PROGRAM FILES\LIBREOFFICE\PROGRAM\SOFFICE.BIN
2019-01-20 03:06:30,\VOLUME{01d4afbc17080c3d-ea174897}\PROGRAM FILES\LIBREOFFICE\PROGRAM\SOFFICE.BIN
2019-01-20 03:06:27,\VOLUME{01d4afbc17080c3d-ea174897}\PROGRAM FILES\LIBREOFFICE\PROGRAM\SOFFICE.BIN
2019-01-21 19:18:00,\VOLUME{01d4afbc17080c3d-ea174897}\PROGRAM FILES (X86)\DROPBOX\UPDATE\DROPBOXUPDATE.EXE
2019-01-21 18:18:00,\VOLUME{01d4afbc17080c3d-ea174897}\PROGRAM FILES (X86)\DROPBOX\UPDATE\DROPBOXUPDATE.EXE
2019-01-21 17:18:00,\VOLUME{01d4afbc17080c3d-ea174897}\PROGRAM FILES (X86)\DROPBOX\UPDATE\DROPBOXUPDATE.EXE
2019-01-21 16:55:59,\VOLUME{01d4afbc17080c3d-ea174897}\PROGRAM FILES (X86)\DROPBOX\UPDATE\DROPBOXUPDATE.EXE
2019-01-21 05:18:00,\VOLUME{01d4afbc17080c3d-ea174897}\PROGRAM FILES (X86)\DROPBOX\UPDATE\DROPBOXUPDATE.EXE
2019-01-21 04:58:18,\VOLUME{01d4afbc17080c3d-ea174897}\PROGRAM FILES (X86)\DROPBOX\UPDATE\DROPBOXUPDATE.EXE
2019-01-21 00:43:03,\VOLUME{01d4afbc17080c3d-ea174897}\PROGRAM FILES (X86)\DROPBOX\UPDATE\DROPBOXUPDATE.EXE
2019-01-20 21:19:01,\VOLUME{01d4afbc17080c3d-ea174897}\PROGRAM FILES (X86)\DROPBOX\UPDATE\DROPBOXUPDATE.EXE
2019-01-20 18:32:39,\VOLUME{01d4afbc17080c3d-ea174897}\PROGRAM FILES (X86)\GOOGLE\CHROME\APPLICATION\CHROME.EXE
2019-01-20 03:06:41,\VOLUME{01d4afbc17080c3d-ea174897}\PROGRAM FILES (X86)\GOOGLE\CHROME\APPLICATION\CHROME.EXE
2019-01-20 02:44:31,\VOLUME{01d4afbc17080c3d-ea174897}\PROGRAM FILES (X86)\GOOGLE\CHROME\APPLICATION\CHROME.EXE
2019-01-20 03:07:21,\VOLUME{01d4afbc17080c3d-ea174897}\WINDOWS\SYSTEM32\FONTDRVHOST.EXE
2019-01-19 03:12:54,\VOLUME{01d4afbc17080c3d-ea174897}\WINDOWS\SYSTEM32\FONTDRVHOST.EXE
2019-01-21 16:56:54,\VOLUME{01d4afbc17080c3d-ea174897}\PROGRAM FILES (X86)\GOOGLE\UPDATE\GOOGLEUPDATE.EXE
2019-01-21 04:58:05,\VOLUME{01d4afbc17080c3d-ea174897}\PROGRAM FILES (X86)\GOOGLE\UPDATE\GOOGLEUPDATE.EXE
2019-01-20 21:14:13,\VOLUME{01d4afbc17080c3d-ea174897}\PROGRAM FILES (X86)\GOOGLE\UPDATE\GOOGLEUPDATE.EXE
2019-01-20 21:14:13,\VOLUME{01d4afbc17080c3d-ea174897}\PROGRAM FILES (X86)\GOOGLE\UPDATE\GOOGLEUPDATE.EXE
2019-01-20 21:10:13,\VOLUME{01d4afbc17080c3d-ea174897}\PROGRAM FILES (X86)\GOOGLE\UPDATE\GOOGLEUPDATE.EXE
2019-01-20 21:10:13,\VOLUME{01d4afbc17080c3d-ea174897}\PROGRAM FILES (X86)\GOOGLE\UPDATE\GOOGLEUPDATE.EXE
2019-01-20 18:25:19,\VOLUME{01d4afbc17080c3d-ea174897}\PROGRAM FILES (X86)\GOOGLE\UPDATE\GOOGLEUPDATE.EXE
2019-01-20 03:51:39,\VOLUME{01d4afbc17080c3d-ea174897}\PROGRAM FILES (X86)\GOOGLE\UPDATE\GOOGLEUPDATE.EXE
2019-01-20 21:11:29,\VOLUME{01d4afbc17080c3d-ea174897}\WINDOWS\SYSWOW64\SCHTASKS.EXE
2019-01-20 21:11:29,\VOLUME{01d4afbc17080c3d-ea174897}\WINDOWS\SYSWOW64\SCHTASKS.EXE
2019-01-20 21:11:29,\VOLUME{01d4afbc17080c3d-ea174897}\WINDOWS\SYSWOW64\SCHTASKS.EXE
2019-01-20 21:11:29,\VOLUME{01d4afbc17080c3d-ea174897}\WINDOWS\SYSWOW64\SCHTASKS.EXE
2019-01-21 16:57:42,\VOLUME{01d4afbc17080c3d-ea174897}\USERS\SROGERS\APPDATA\LOCAL\TEMP\IS-V6D1F.TMP\PRIVACY-ERASER-SETUP.TMP
2019-01-21 18:57:22,\VOLUME{01d4afbc17080c3d-ea174897}\USERS\SROGERS\DESKTOP\TOR BROWSER\BROWSER\FIREFOX.EXE
2019-01-21 05:13:28,\VOLUME{01d4afbc17080c3d-ea174897}\USERS\SROGERS\DESKTOP\TOR BROWSER\BROWSER\FIREFOX.EXE
2019-01-21 05:11:26,\VOLUME{01d4afbc17080c3d-ea174897}\USERS\SROGERS\DESKTOP\TOR BROWSER\BROWSER\FIREFOX.EXE
2019-01-21 05:10:52,\VOLUME{01d4afbc17080c3d-ea174897}\USERS\SROGERS\DESKTOP\TOR BROWSER\BROWSER\FIREFOX.EXE
2019-01-21 05:10:46,\VOLUME{01d4afbc17080c3d-ea174897}\USERS\SROGERS\DESKTOP\TOR BROWSER\BROWSER\FIREFOX.EXE
2019-01-21 18:22:15,\VOLUME{01d4afbc17080c3d-ea174897}\WINDOWS\SYSTEM32\LOGONUI.EXE
2019-01-20 19:45:54,\VOLUME{01d4afbc17080c3d-ea174897}\WINDOWS\SYSTEM32\LOGONUI.EXE
2019-01-20 19:45:52,\VOLUME{01d4afbc17080c3d-ea174897}\WINDOWS\SYSTEM32\LOGONUI.EXE
2019-01-20 03:07:21,\VOLUME{01d4afbc17080c3d-ea174897}\WINDOWS\SYSTEM32\LOGONUI.EXE
2019-01-20 03:07:19,\VOLUME{01d4afbc17080c3d-ea174897}\WINDOWS\SYSTEM32\LOGONUI.EXE
2019-01-19 03:12:54,\VOLUME{01d4afbc17080c3d-ea174897}\WINDOWS\SYSTEM32\LOGONUI.EXE
2019-01-21 05:33:07,\VOLUME{01d4afbc17080c3d-ea174897}\WINDOWS\SYSTEM32\BROWSER_BROKER.EXE
2019-01-21 05:21:37,\VOLUME{01d4afbc17080c3d-ea174897}\WINDOWS\SYSTEM32\BROWSER_BROKER.EXE
2019-01-21 05:20:19,\VOLUME{01d4afbc17080c3d-ea174897}\WINDOWS\SYSTEM32\BROWSER_BROKER.EXE
2019-01-21 05:18:35,\VOLUME{01d4afbc17080c3d-ea174897}\WINDOWS\SYSTEM32\BROWSER_BROKER.EXE
2019-01-21 05:14:59,\VOLUME{01d4afbc17080c3d-ea174897}\WINDOWS\SYSTEM32\BROWSER_BROKER.EXE
2019-01-20 21:25:29,\VOLUME{01d4afbc17080c3d-ea174897}\WINDOWS\SYSTEM32\BROWSER_BROKER.EXE
2019-01-20 19:45:52,\VOLUME{01d4afbc17080c3d-ea174897}\WINDOWS\SYSTEM32\BROWSER_BROKER.EXE
2019-01-20 19:45:52,\VOLUME{01d4afbc17080c3d-ea174897}\WINDOWS\SYSTEM32\BROWSER_BROKER.EXE
2019-01-19 03:08:16,\VOLUME{01d4afbc17080c3d-ea174897}\WINDOWS\SYSTEMAPPS\SHELLEXPERIENCEHOST_CW5N1H2TXYEWY\SHELLEXPERIENCEHOST.EXE
2019-01-20 03:45:29,\VOLUME{01d4afbc17080c3d-ea174897}\WINDOWS\SYSTEM32\SVCHOST.EXE
2019-01-21 19:50:38,\VOLUME{0000000000000000-cefb0e37}\FORENSIC TOOLS\IMAGER_LITE_3.1.1\FTK IMAGER.EXE
2019-01-20 21:09:48,\VOLUME{01d4afbc17080c3d-ea174897}\WINDOWS\SYSTEM32\SVCHOST.EXE
2019-01-20 03:50:57,\VOLUME{01d4afbc17080c3d-ea174897}\WINDOWS\SYSTEM32\SVCHOST.EXE
2019-01-20 21:14:15,\VOLUME{01d4afbc17080c3d-ea174897}\WINDOWS\SYSTEM32\SVCHOST.EXE
2019-01-20 21:10:14,\VOLUME{01d4afbc17080c3d-ea174897}\WINDOWS\SYSTEM32\SVCHOST.EXE
2019-01-20 03:51:40,\VOLUME{01d4afbc17080c3d-ea174897}\WINDOWS\SYSTEM32\SVCHOST.EXE
2019-01-19 03:16:55,\VOLUME{01d4afbc17080c3d-ea174897}\WINDOWS\SYSTEM32\SVCHOST.EXE
2019-01-20 21:27:12,\VOLUME{01d4afbc17080c3d-ea174897}\USERS\SROGERS\APPDATA\LOCAL\TEMP\7ZSCA0D545C\CARRIER.EXE
2019-01-20 21:12:33,\VOLUME{01d4afbc17080c3d-ea174897}\WINDOWS\SYSTEM32\WBEM\WMIAPSRV.EXE
2019-01-20 21:10:35,\VOLUME{01d4afbc17080c3d-ea174897}\WINDOWS\SYSTEM32\WBEM\WMIAPSRV.EXE
2019-01-20 21:10:35,\VOLUME{01d4afbc17080c3d-ea174897}\WINDOWS\SYSTEM32\WBEM\WMIAPSRV.EXE
2019-01-20 03:52:03,\VOLUME{01d4afbc17080c3d-ea174897}\WINDOWS\SYSTEM32\WBEM\WMIAPSRV.EXE
2019-01-20 03:52:03,\VOLUME{01d4afbc17080c3d-ea174897}\WINDOWS\SYSTEM32\WBEM\WMIAPSRV.EXE
2019-01-20 02:40:54,\VOLUME{01d4afbc17080c3d-ea174897}\WINDOWS\SYSTEM32\WBEM\WMIAPSRV.EXE
2019-01-20 02:40:54,\VOLUME{01d4afbc17080c3d-ea174897}\WINDOWS\SYSTEM32\WBEM\WMIAPSRV.EXE
2019-01-20 02:38:20,\VOLUME{01d4afbc17080c3d-ea174897}\WINDOWS\SYSTEM32\WBEM\WMIAPSRV.EXE
2019-01-21 05:06:24,\VOLUME{01d4afbc17080c3d-ea174897}\PROGRAM FILES\LIBREOFFICE\PROGRAM\SWRITER.EXE
2019-01-20 19:18:14,\VOLUME{01d4afbc17080c3d-ea174897}\PROGRAM FILES (X86)\GOOGLE\CHROME\APPLICATION\CHROME.EXE
2019-01-20 18:32:40,\VOLUME{01d4afbc17080c3d-ea174897}\PROGRAM FILES (X86)\GOOGLE\CHROME\APPLICATION\CHROME.EXE
2019-01-20 18:32:40,\VOLUME{01d4afbc17080c3d-ea174897}\PROGRAM FILES (X86)\GOOGLE\CHROME\APPLICATION\CHROME.EXE
2019-01-20 18:32:39,\VOLUME{01d4afbc17080c3d-ea174897}\PROGRAM FILES (X86)\GOOGLE\CHROME\APPLICATION\CHROME.EXE
2019-01-20 03:06:42,\VOLUME{01d4afbc17080c3d-ea174897}\PROGRAM FILES (X86)\GOOGLE\CHROME\APPLICATION\CHROME.EXE
2019-01-20 03:06:41,\VOLUME{01d4afbc17080c3d-ea174897}\PROGRAM FILES (X86)\GOOGLE\CHROME\APPLICATION\CHROME.EXE
2019-01-20 03:06:41,\VOLUME{01d4afbc17080c3d-ea174897}\PROGRAM FILES (X86)\GOOGLE\CHROME\APPLICATION\CHROME.EXE
2019-01-20 02:44:48,\VOLUME{01d4afbc17080c3d-ea174897}\PROGRAM FILES (X86)\GOOGLE\CHROME\APPLICATION\CHROME.EXE
2019-01-20 02:53:05,\VOLUME{01d4afbc17080c3d-ea174897}\WINDOWS\SOFTWAREDISTRIBUTION\DOWNLOAD\INSTALL\MPSIGSTUB.EXE
2019-01-20 03:05:50,\VOLUME{01d4afbc17080c3d-ea174897}\WINDOWS\SYSTEMAPPS\MICROSOFT.MICROSOFTEDGE_8WEKYB3D8BBWE\MICROSOFTEDGECP.EXE
2019-01-20 03:02:16,\VOLUME{01d4afbc17080c3d-ea174897}\WINDOWS\SYSTEMAPPS\MICROSOFT.MICROSOFTEDGE_8WEKYB3D8BBWE\MICROSOFTEDGECP.EXE
2019-01-20 02:52:54,\VOLUME{01d4afbc17080c3d-ea174897}\WINDOWS\SYSTEMAPPS\MICROSOFT.MICROSOFTEDGE_8WEKYB3D8BBWE\MICROSOFTEDGECP.EXE
2019-01-20 02:39:03,\VOLUME{01d4afbc17080c3d-ea174897}\WINDOWS\SYSTEMAPPS\MICROSOFT.MICROSOFTEDGE_8WEKYB3D8BBWE\MICROSOFTEDGECP.EXE
2019-01-20 02:39:03,\VOLUME{01d4afbc17080c3d-ea174897}\WINDOWS\SYSTEMAPPS\MICROSOFT.MICROSOFTEDGE_8WEKYB3D8BBWE\MICROSOFTEDGECP.EXE
2019-01-19 03:21:06,\VOLUME{01d4afbc17080c3d-ea174897}\WINDOWS\SYSTEMAPPS\MICROSOFT.MICROSOFTEDGE_8WEKYB3D8BBWE\MICROSOFTEDGECP.EXE
2019-01-19 03:21:05,\VOLUME{01d4afbc17080c3d-ea174897}\WINDOWS\SYSTEMAPPS\MICROSOFT.MICROSOFTEDGE_8WEKYB3D8BBWE\MICROSOFTEDGECP.EXE
2019-01-19 03:19:52,\VOLUME{01d4afbc17080c3d-ea174897}\WINDOWS\SYSTEMAPPS\MICROSOFT.MICROSOFTEDGE_8WEKYB3D8BBWE\MICROSOFTEDGECP.EXE
2019-01-21 19:13:14,\VOLUME{01d4afbc17080c3d-ea174897}\WINDOWS\SYSTEM32\DLLHOST.EXE
2019-01-21 05:16:11,\VOLUME{01d4afbc17080c3d-ea174897}\WINDOWS\SYSTEM32\DLLHOST.EXE
2019-01-20 21:27:25,\VOLUME{01d4afbc17080c3d-ea174897}\WINDOWS\SYSTEM32\DLLHOST.EXE
2019-01-20 21:10:05,\VOLUME{01d4afbc17080c3d-ea174897}\WINDOWS\SYSTEM32\DLLHOST.EXE
2019-01-20 19:45:45,\VOLUME{01d4afbc17080c3d-ea174897}\WINDOWS\SYSTEM32\DLLHOST.EXE
2019-01-20 03:54:05,\VOLUME{01d4afbc17080c3d-ea174897}\WINDOWS\SYSTEM32\DLLHOST.EXE
2019-01-20 03:07:06,\VOLUME{01d4afbc17080c3d-ea174897}\WINDOWS\SYSTEM32\DLLHOST.EXE
2019-01-20 03:06:12,\VOLUME{01d4afbc17080c3d-ea174897}\WINDOWS\SYSTEM32\DLLHOST.EXE
2019-01-21 18:22:15,\VOLUME{01d4afbc17080c3d-ea174897}\WINDOWS\SYSTEMAPPS\MICROSOFT.LOCKAPP_CW5N1H2TXYEWY\LOCKAPP.EXE
2019-01-21 19:50:43,\VOLUME{01d4afbc17080c3d-ea174897}\WINDOWS\SYSTEM32\SVCHOST.EXE
2019-01-21 18:51:08,\VOLUME{01d4afbc17080c3d-ea174897}\WINDOWS\SYSTEM32\SVCHOST.EXE
2019-01-21 17:04:25,\VOLUME{01d4afbc17080c3d-ea174897}\WINDOWS\SYSTEM32\SVCHOST.EXE
2019-01-21 16:56:01,\VOLUME{01d4afbc17080c3d-ea174897}\WINDOWS\SYSTEM32\SVCHOST.EXE
2019-01-21 05:21:31,\VOLUME{01d4afbc17080c3d-ea174897}\WINDOWS\SYSTEM32\SVCHOST.EXE
2019-01-21 05:10:12,\VOLUME{01d4afbc17080c3d-ea174897}\WINDOWS\SYSTEM32\SVCHOST.EXE
2019-01-21 00:43:13,\VOLUME{01d4afbc17080c3d-ea174897}\WINDOWS\SYSTEM32\SVCHOST.EXE
2019-01-20 18:25:02,\VOLUME{01d4afbc17080c3d-ea174897}\WINDOWS\SYSTEM32\SVCHOST.EXE
2019-01-20 21:12:23,\VOLUME{01d4afbc17080c3d-ea174897}\WINDOWS\SYSTEM32\RUNTIMEBROKER.EXE
2019-01-20 21:09:30,\VOLUME{01d4afbc17080c3d-ea174897}\WINDOWS\SYSTEM32\RUNTIMEBROKER.EXE
2019-01-20 03:50:34,\VOLUME{01d4afbc17080c3d-ea174897}\WINDOWS\SYSTEM32\RUNTIMEBROKER.EXE
2019-01-21 19:37:43,\VOLUME{01d4afbc17080c3d-ea174897}\WINDOWS\MICROSOFT.NET\FRAMEWORK64\V4.0.30319\MSCORSVW.EXE
2019-01-21 19:23:06,\VOLUME{01d4afbc17080c3d-ea174897}\WINDOWS\MICROSOFT.NET\FRAMEWORK64\V4.0.30319\MSCORSVW.EXE
2019-01-21 19:07:27,\VOLUME{01d4afbc17080c3d-ea174897}\WINDOWS\MICROSOFT.NET\FRAMEWORK64\V4.0.30319\MSCORSVW.EXE
2019-01-21 18:51:33,\VOLUME{01d4afbc17080c3d-ea174897}\WINDOWS\MICROSOFT.NET\FRAMEWORK64\V4.0.30319\MSCORSVW.EXE
2019-01-21 17:56:08,\VOLUME{01d4afbc17080c3d-ea174897}\WINDOWS\MICROSOFT.NET\FRAMEWORK64\V4.0.30319\MSCORSVW.EXE
2019-01-21 17:42:50,\VOLUME{01d4afbc17080c3d-ea174897}\WINDOWS\MICROSOFT.NET\FRAMEWORK64\V4.0.30319\MSCORSVW.EXE
2019-01-21 17:04:46,\VOLUME{01d4afbc17080c3d-ea174897}\WINDOWS\MICROSOFT.NET\FRAMEWORK64\V4.0.30319\MSCORSVW.EXE
2019-01-20 19:59:24,\VOLUME{01d4afbc17080c3d-ea174897}\WINDOWS\MICROSOFT.NET\FRAMEWORK64\V4.0.30319\MSCORSVW.EXE
2019-01-21 19:51:19,\VOLUME{01d4afbc17080c3d-ea174897}\WINDOWS\SYSTEM32\SEARCHPROTOCOLHOST.EXE
2019-01-21 19:41:07,\VOLUME{01d4afbc17080c3d-ea174897}\WINDOWS\SYSTEM32\SEARCHPROTOCOLHOST.EXE
2019-01-21 19:21:19,\VOLUME{01d4afbc17080c3d-ea174897}\WINDOWS\SYSTEM32\SEARCHPROTOCOLHOST.EXE
2019-01-21 19:14:42,\VOLUME{01d4afbc17080c3d-ea174897}\WINDOWS\SYSTEM32\SEARCHPROTOCOLHOST.EXE
2019-01-21 19:07:21,\VOLUME{01d4afbc17080c3d-ea174897}\WINDOWS\SYSTEM32\SEARCHPROTOCOLHOST.EXE
2019-01-21 19:02:23,\VOLUME{01d4afbc17080c3d-ea174897}\WINDOWS\SYSTEM32\SEARCHPROTOCOLHOST.EXE
2019-01-21 18:57:21,\VOLUME{01d4afbc17080c3d-ea174897}\WINDOWS\SYSTEM32\SEARCHPROTOCOLHOST.EXE
2019-01-21 18:51:04,\VOLUME{01d4afbc17080c3d-ea174897}\WINDOWS\SYSTEM32\SEARCHPROTOCOLHOST.EXE
2019-01-20 21:22:13,\VOLUME{01d4afbc17080c3d-ea174897}\WINDOWS\SYSTEM32\SVCHOST.EXE
2019-01-20 21:09:55,\VOLUME{01d4afbc17080c3d-ea174897}\WINDOWS\SYSTEM32\SVCHOST.EXE
2019-01-20 18:25:03,\VOLUME{01d4afbc17080c3d-ea174897}\WINDOWS\SYSTEM32\SVCHOST.EXE
2019-01-20 03:45:29,\VOLUME{01d4afbc17080c3d-ea174897}\WINDOWS\SYSTEM32\USERINIT.EXE
2019-01-20 21:12:38,\VOLUME{01d4afbc17080c3d-ea174897}\USERS\SROGERS\APPDATA\LOCAL\MICROSOFT\ONEDRIVE\ONEDRIVE.EXE
2019-01-20 21:09:46,\VOLUME{01d4afbc17080c3d-ea174897}\USERS\SROGERS\APPDATA\LOCAL\MICROSOFT\ONEDRIVE\ONEDRIVE.EXE
2019-01-20 20:51:31,\VOLUME{01d4afbc17080c3d-ea174897}\USERS\SROGERS\APPDATA\LOCAL\MICROSOFT\ONEDRIVE\ONEDRIVE.EXE
2019-01-20 03:50:51,\VOLUME{01d4afbc17080c3d-ea174897}\USERS\SROGERS\APPDATA\LOCAL\MICROSOFT\ONEDRIVE\ONEDRIVE.EXE
2019-01-20 02:46:40,\VOLUME{01d4afbc17080c3d-ea174897}\USERS\SROGERS\APPDATA\LOCAL\MICROSOFT\ONEDRIVE\ONEDRIVE.EXE
2019-01-19 03:21:35,\VOLUME{01d4afbc17080c3d-ea174897}\USERS\SROGERS\APPDATA\LOCAL\MICROSOFT\ONEDRIVE\ONEDRIVE.EXE
2019-01-19 03:14:59,\VOLUME{01d4afbc17080c3d-ea174897}\USERS\SROGERS\APPDATA\LOCAL\MICROSOFT\ONEDRIVE\ONEDRIVE.EXE
2019-01-20 21:17:55,\VOLUME{01d4afbc17080c3d-ea174897}\PROGRAM FILES (X86)\DROPBOX\UPDATE\1.3.141.1\DROPBOXUPDATEONDEMAND.EXE
2019-01-20 21:22:41,\VOLUME{01d4afbc17080c3d-ea174897}\WINDOWS\SYSTEM32\VSSVC.EXE
2019-01-20 03:46:15,\VOLUME{01d4afbc17080c3d-ea174897}\WINDOWS\SYSTEM32\VSSVC.EXE
2019-01-20 02:59:48,\VOLUME{01d4afbc17080c3d-ea174897}\WINDOWS\SYSTEM32\VSSVC.EXE
2019-01-20 02:51:49,\VOLUME{01d4afbc17080c3d-ea174897}\WINDOWS\SYSTEM32\VSSVC.EXE
2019-01-21 19:37:43,\VOLUME{01d4afbc17080c3d-ea174897}\WINDOWS\MICROSOFT.NET\FRAMEWORK\V4.0.30319\NGEN.EXE
2019-01-21 19:23:05,\VOLUME{01d4afbc17080c3d-ea174897}\WINDOWS\MICROSOFT.NET\FRAMEWORK\V4.0.30319\NGEN.EXE
2019-01-21 19:07:26,\VOLUME{01d4afbc17080c3d-ea174897}\WINDOWS\MICROSOFT.NET\FRAMEWORK\V4.0.30319\NGEN.EXE
2019-01-21 18:51:32,\VOLUME{01d4afbc17080c3d-ea174897}\WINDOWS\MICROSOFT.NET\FRAMEWORK\V4.0.30319\NGEN.EXE
2019-01-21 17:56:08,\VOLUME{01d4afbc17080c3d-ea174897}\WINDOWS\MICROSOFT.NET\FRAMEWORK\V4.0.30319\NGEN.EXE
2019-01-21 17:42:50,\VOLUME{01d4afbc17080c3d-ea174897}\WINDOWS\MICROSOFT.NET\FRAMEWORK\V4.0.30319\NGEN.EXE
2019-01-21 17:04:24,\VOLUME{01d4afbc17080c3d-ea174897}\WINDOWS\MICROSOFT.NET\FRAMEWORK\V4.0.30319\NGEN.EXE
2019-01-20 19:55:07,\VOLUME{01d4afbc17080c3d-ea174897}\WINDOWS\MICROSOFT.NET\FRAMEWORK\V4.0.30319\NGEN.EXE
2019-01-21 18:22:16,\VOLUME{01d4afbc17080c3d-ea174897}\WINDOWS\SYSTEM32\SVCHOST.EXE
2019-01-21 16:56:03,\VOLUME{01d4afbc17080c3d-ea174897}\WINDOWS\SYSTEM32\SVCHOST.EXE
2019-01-21 05:21:38,\VOLUME{01d4afbc17080c3d-ea174897}\WINDOWS\SYSTEM32\SVCHOST.EXE
2019-01-21 05:15:00,\VOLUME{01d4afbc17080c3d-ea174897}\WINDOWS\SYSTEM32\SVCHOST.EXE
2019-01-21 04:57:48,\VOLUME{01d4afbc17080c3d-ea174897}\WINDOWS\SYSTEM32\SVCHOST.EXE
2019-01-20 03:53:47,\VOLUME{01d4afbc17080c3d-ea174897}\WINDOWS\SYSTEM32\SVCHOST.EXE
2019-01-20 02:37:02,\VOLUME{01d4afbc17080c3d-ea174897}\WINDOWS\SYSTEM32\SVCHOST.EXE
2019-01-19 03:08:52,\VOLUME{01d4afbc17080c3d-ea174897}\WINDOWS\SYSTEM32\SVCHOST.EXE
2019-01-21 05:00:15,\VOLUME{01d4afbc17080c3d-ea174897}\WINDOWS\SYSTEM32\SVCHOST.EXE
2019-01-21 19:37:43,\VOLUME{01d4afbc17080c3d-ea174897}\WINDOWS\MICROSOFT.NET\FRAMEWORK\V4.0.30319\NGENTASK.EXE
2019-01-21 19:23:05,\VOLUME{01d4afbc17080c3d-ea174897}\WINDOWS\MICROSOFT.NET\FRAMEWORK\V4.0.30319\NGENTASK.EXE
2019-01-21 19:07:26,\VOLUME{01d4afbc17080c3d-ea174897}\WINDOWS\MICROSOFT.NET\FRAMEWORK\V4.0.30319\NGENTASK.EXE
2019-01-21 18:51:32,\VOLUME{01d4afbc17080c3d-ea174897}\WINDOWS\MICROSOFT.NET\FRAMEWORK\V4.0.30319\NGENTASK.EXE
2019-01-21 17:56:08,\VOLUME{01d4afbc17080c3d-ea174897}\WINDOWS\MICROSOFT.NET\FRAMEWORK\V4.0.30319\NGENTASK.EXE
2019-01-21 17:42:49,\VOLUME{01d4afbc17080c3d-ea174897}\WINDOWS\MICROSOFT.NET\FRAMEWORK\V4.0.30319\NGENTASK.EXE
2019-01-21 17:04:24,\VOLUME{01d4afbc17080c3d-ea174897}\WINDOWS\MICROSOFT.NET\FRAMEWORK\V4.0.30319\NGENTASK.EXE
2019-01-20 19:58:08,\VOLUME{01d4afbc17080c3d-ea174897}\WINDOWS\MICROSOFT.NET\FRAMEWORK\V4.0.30319\NGENTASK.EXE
2019-01-20 21:17:42,\VOLUME{01d4afbc17080c3d-ea174897}\WINDOWS\SYSTEM32\RUNTIMEBROKER.EXE
2019-01-20 21:09:34,\VOLUME{01d4afbc17080c3d-ea174897}\WINDOWS\SYSTEM32\RUNTIMEBROKER.EXE
2019-01-20 20:51:25,\VOLUME{01d4afbc17080c3d-ea174897}\WINDOWS\SYSTEM32\RUNTIMEBROKER.EXE
2019-01-20 19:20:19,\VOLUME{01d4afbc17080c3d-ea174897}\WINDOWS\SYSTEM32\RUNTIMEBROKER.EXE
2019-01-20 19:02:14,\VOLUME{01d4afbc17080c3d-ea174897}\WINDOWS\SYSTEM32\RUNTIMEBROKER.EXE
2019-01-20 18:32:15,\VOLUME{01d4afbc17080c3d-ea174897}\WINDOWS\SYSTEM32\RUNTIMEBROKER.EXE
2019-01-20 18:25:08,\VOLUME{01d4afbc17080c3d-ea174897}\WINDOWS\SYSTEM32\RUNTIMEBROKER.EXE
2019-01-20 03:56:49,\VOLUME{01d4afbc17080c3d-ea174897}\WINDOWS\SYSTEM32\RUNTIMEBROKER.EXE
2019-01-21 19:49:24,\VOLUME{01d4afbc17080c3d-ea174897}\WINDOWS\SYSTEM32\AUDIODG.EXE
2019-01-21 05:32:55,\VOLUME{01d4afbc17080c3d-ea174897}\WINDOWS\SYSTEM32\AUDIODG.EXE
2019-01-20 21:25:49,\VOLUME{01d4afbc17080c3d-ea174897}\WINDOWS\SYSTEM32\AUDIODG.EXE
2019-01-20 21:13:27,\VOLUME{01d4afbc17080c3d-ea174897}\WINDOWS\SYSTEM32\AUDIODG.EXE
2019-01-20 21:09:57,\VOLUME{01d4afbc17080c3d-ea174897}\WINDOWS\SYSTEM32\AUDIODG.EXE
2019-01-20 18:32:15,\VOLUME{01d4afbc17080c3d-ea174897}\WINDOWS\SYSTEM32\AUDIODG.EXE
2019-01-20 03:54:05,\VOLUME{01d4afbc17080c3d-ea174897}\WINDOWS\SYSTEM32\AUDIODG.EXE
2019-01-20 02:54:03,\VOLUME{01d4afbc17080c3d-ea174897}\WINDOWS\SYSTEM32\AUDIODG.EXE
2019-01-21 19:49:38,\VOLUME{01d4afbc17080c3d-ea174897}\WINDOWS\SYSTEM32\DLLHOST.EXE
2019-01-21 18:12:53,\VOLUME{01d4afbc17080c3d-ea174897}\WINDOWS\SYSTEM32\DLLHOST.EXE
2019-01-21 16:57:45,\VOLUME{01d4afbc17080c3d-ea174897}\WINDOWS\SYSTEM32\DLLHOST.EXE
2019-01-21 16:57:45,\VOLUME{01d4afbc17080c3d-ea174897}\WINDOWS\SYSTEM32\DLLHOST.EXE
2019-01-20 21:26:07,\VOLUME{01d4afbc17080c3d-ea174897}\WINDOWS\SYSTEM32\DLLHOST.EXE
2019-01-20 21:26:07,\VOLUME{01d4afbc17080c3d-ea174897}\WINDOWS\SYSTEM32\DLLHOST.EXE
2019-01-20 21:22:15,\VOLUME{01d4afbc17080c3d-ea174897}\WINDOWS\SYSTEM32\DLLHOST.EXE
2019-01-20 21:13:29,\VOLUME{01d4afbc17080c3d-ea174897}\WINDOWS\SYSTEM32\DLLHOST.EXE
2019-01-21 18:12:56,\VOLUME{01d4afbc17080c3d-ea174897}\WINDOWS\SYSTEM32\WUAUCLT.EXE
2019-01-20 21:15:37,\VOLUME{01d4afbc17080c3d-ea174897}\WINDOWS\SYSTEM32\WUAUCLT.EXE
2019-01-20 21:11:27,\VOLUME{01d4afbc17080c3d-ea174897}\WINDOWS\SYSTEM32\WUAUCLT.EXE
2019-01-20 18:33:02,\VOLUME{01d4afbc17080c3d-ea174897}\WINDOWS\SYSTEM32\WUAUCLT.EXE
2019-01-20 03:55:04,\VOLUME{01d4afbc17080c3d-ea174897}\WINDOWS\SYSTEM32\WUAUCLT.EXE
2019-01-20 02:53:43,\VOLUME{01d4afbc17080c3d-ea174897}\WINDOWS\SYSTEM32\WUAUCLT.EXE
2019-01-20 02:53:05,\VOLUME{01d4afbc17080c3d-ea174897}\WINDOWS\SYSTEM32\WUAUCLT.EXE
2019-01-20 02:53:03,\VOLUME{01d4afbc17080c3d-ea174897}\WINDOWS\SYSTEM32\WUAUCLT.EXE
2019-01-21 19:49:35,\VOLUME{01d4afbc17080c3d-ea174897}\WINDOWS\WINSXS\AMD64_MICROSOFT-WINDOWS-SERVICINGSTACK_31BF3856AD364E35_10.0.16299.843_NONE_16EA286632146273\TIWORKER.EXE
2019-01-20 21:15:15,\VOLUME{01d4afbc17080c3d-ea174897}\WINDOWS\WINSXS\AMD64_MICROSOFT-WINDOWS-SERVICINGSTACK_31BF3856AD364E35_10.0.16299.843_NONE_16EA286632146273\TIWORKER.EXE
2019-01-20 21:11:15,\VOLUME{01d4afbc17080c3d-ea174897}\WINDOWS\WINSXS\AMD64_MICROSOFT-WINDOWS-SERVICINGSTACK_31BF3856AD364E35_10.0.16299.843_NONE_16EA286632146273\TIWORKER.EXE
2019-01-20 18:25:03,\VOLUME{01d4afbc17080c3d-ea174897}\WINDOWS\WINSXS\AMD64_MICROSOFT-WINDOWS-SERVICINGSTACK_31BF3856AD364E35_10.0.16299.843_NONE_16EA286632146273\TIWORKER.EXE
2019-01-20 03:54:46,\VOLUME{01d4afbc17080c3d-ea174897}\WINDOWS\WINSXS\AMD64_MICROSOFT-WINDOWS-SERVICINGSTACK_31BF3856AD364E35_10.0.16299.843_NONE_16EA286632146273\TIWORKER.EXE
2019-01-20 03:45:40,\VOLUME{01d4afbc17080c3d-ea174897}\WINDOWS\WINSXS\AMD64_MICROSOFT-WINDOWS-SERVICINGSTACK_31BF3856AD364E35_10.0.16299.843_NONE_16EA286632146273\TIWORKER.EXE
2019-01-20 02:59:50,\VOLUME{01d4afbc17080c3d-ea174897}\WINDOWS\WINSXS\AMD64_MICROSOFT-WINDOWS-SERVICINGSTACK_31BF3856AD364E35_10.0.16299.843_NONE_16EA286632146273\TIWORKER.EXE
2019-01-20 21:09:50,\VOLUME{01d4afbc17080c3d-ea174897}\WINDOWS\SYSTEM32\SVCHOST.EXE
2019-01-21 19:23:06,\VOLUME{01d4afbc17080c3d-ea174897}\WINDOWS\SYSTEM32\SVCHOST.EXE
2019-01-21 19:12:19,\VOLUME{01d4afbc17080c3d-ea174897}\WINDOWS\SYSTEM32\SVCHOST.EXE
2019-01-21 18:22:16,\VOLUME{01d4afbc17080c3d-ea174897}\WINDOWS\SYSTEM32\SVCHOST.EXE
2019-01-21 05:34:38,\VOLUME{01d4afbc17080c3d-ea174897}\WINDOWS\SYSTEM32\SVCHOST.EXE
2019-01-21 05:04:52,\VOLUME{01d4afbc17080c3d-ea174897}\WINDOWS\SYSTEM32\SVCHOST.EXE
2019-01-20 21:22:13,\VOLUME{01d4afbc17080c3d-ea174897}\WINDOWS\SYSTEM32\SVCHOST.EXE
2019-01-20 20:21:30,\VOLUME{01d4afbc17080c3d-ea174897}\WINDOWS\SYSTEM32\SVCHOST.EXE
2019-01-20 19:45:53,\VOLUME{01d4afbc17080c3d-ea174897}\WINDOWS\SYSTEM32\SVCHOST.EXE
2019-01-21 16:57:45,\VOLUME{01d4afbc17080c3d-ea174897}\USERS\SROGERS\APPDATA\LOCAL\TEMP\IS-3TN5B.TMP\PRIVACY-ERASER-SETUP.TMP
2019-01-21 05:04:46,\VOLUME{01d4afbc17080c3d-ea174897}\WINDOWS\SYSTEM32\OPENWITH.EXE
2019-01-21 18:22:15,\VOLUME{01d4afbc17080c3d-ea174897}\WINDOWS\SYSTEM32\RUNTIMEBROKER.EXE
2019-01-20 19:58:05,\VOLUME{01d4afbc17080c3d-ea174897}\WINDOWS\SYSTEM32\RUNDLL32.EXE
2019-01-20 21:16:12,\VOLUME{01d4afbc17080c3d-ea174897}\WINDOWS\SYSTEM32\WBEM\WMIADAP.EXE
2019-01-20 18:26:02,\VOLUME{01d4afbc17080c3d-ea174897}\WINDOWS\SYSTEM32\WBEM\WMIADAP.EXE
2019-01-20 03:53:39,\VOLUME{01d4afbc17080c3d-ea174897}\WINDOWS\SYSTEM32\WBEM\WMIADAP.EXE
2019-01-20 02:38:57,\VOLUME{01d4afbc17080c3d-ea174897}\WINDOWS\SYSTEM32\WBEM\WMIADAP.EXE
2019-01-19 03:19:48,\VOLUME{01d4afbc17080c3d-ea174897}\WINDOWS\SYSTEM32\WBEM\WMIADAP.EXE
2019-01-19 03:10:53,\VOLUME{01d4afbc17080c3d-ea174897}\WINDOWS\SYSTEM32\WBEM\WMIADAP.EXE
2019-01-20 18:38:54,\VOLUME{01d4afbc17080c3d-ea174897}\PROGRAM FILES (X86)\GOOGLE\CHROME\APPLICATION\CHROME.EXE
2019-01-20 18:33:12,\VOLUME{01d4afbc17080c3d-ea174897}\PROGRAM FILES (X86)\GOOGLE\CHROME\APPLICATION\CHROME.EXE
2019-01-20 03:06:44,\VOLUME{01d4afbc17080c3d-ea174897}\PROGRAM FILES (X86)\GOOGLE\CHROME\APPLICATION\CHROME.EXE
2019-01-20 03:06:43,\VOLUME{01d4afbc17080c3d-ea174897}\PROGRAM FILES (X86)\GOOGLE\CHROME\APPLICATION\CHROME.EXE
2019-01-20 03:06:44,\VOLUME{01d4afbc17080c3d-ea174897}\PROGRAM FILES (X86)\GOOGLE\CHROME\APPLICATION\CHROME.EXE
2019-01-20 02:50:58,\VOLUME{01d4afbc17080c3d-ea174897}\PROGRAM FILES (X86)\GOOGLE\CHROME\APPLICATION\CHROME.EXE
2019-01-20 02:44:38,\VOLUME{01d4afbc17080c3d-ea174897}\PROGRAM FILES (X86)\GOOGLE\CHROME\APPLICATION\CHROME.EXE
2019-01-20 02:44:38,\VOLUME{01d4afbc17080c3d-ea174897}\PROGRAM FILES (X86)\GOOGLE\CHROME\APPLICATION\CHROME.EXE
2019-01-21 17:03:53,\VOLUME{01d4afbc17080c3d-ea174897}\PROGRAM FILES\WINDOWSAPPS\MICROSOFT.WINDOWSCOMMUNICATIONSAPPS_16005.11029.20108.0_X64__8WEKYB3D8BBWE\HXTSR.EXE
2019-01-21 05:21:16,\VOLUME{01d4afbc17080c3d-ea174897}\WINDOWS\SYSTEM32\SVCHOST.EXE
2019-01-21 05:00:14,\VOLUME{01d4afbc17080c3d-ea174897}\WINDOWS\SYSTEM32\SVCHOST.EXE
2019-01-20 18:32:39,\VOLUME{01d4afbc17080c3d-ea174897}\PROGRAM FILES (X86)\GOOGLE\CHROME\APPLICATION\CHROME.EXE
2019-01-20 03:06:41,\VOLUME{01d4afbc17080c3d-ea174897}\PROGRAM FILES (X86)\GOOGLE\CHROME\APPLICATION\CHROME.EXE
2019-01-20 02:44:31,\VOLUME{01d4afbc17080c3d-ea174897}\PROGRAM FILES (X86)\GOOGLE\CHROME\APPLICATION\CHROME.EXE
2019-01-20 03:55:04,\VOLUME{01d4afbc17080c3d-ea174897}\WINDOWS\SOFTWAREDISTRIBUTION\DOWNLOAD\INSTALL\UPDATEPLATFORM.EXE
2019-01-20 21:11:10,\VOLUME{01d4afbc17080c3d-ea174897}\WINDOWS\SYSTEM32\BACKGROUNDTRANSFERHOST.EXE
2019-01-20 21:10:08,\VOLUME{01d4afbc17080c3d-ea174897}\WINDOWS\SYSTEM32\BACKGROUNDTRANSFERHOST.EXE
2019-01-20 21:13:26,\VOLUME{01d4afbc17080c3d-ea174897}\USERS\SROGERS\APPDATA\LOCAL\TEMP\GUM489D.TMP\DROPBOXUPDATE.EXE
2019-01-20 18:28:59,\VOLUME{01d4afbc17080c3d-ea174897}\WINDOWS\SYSTEM32\SVCHOST.EXE
2019-01-20 03:11:28,\VOLUME{01d4afbc17080c3d-ea174897}\WINDOWS\SYSTEM32\SVCHOST.EXE
2019-01-20 03:02:20,\VOLUME{01d4afbc17080c3d-ea174897}\WINDOWS\SYSTEM32\RUNDLL32.EXE
2019-01-20 03:02:19,\VOLUME{01d4afbc17080c3d-ea174897}\WINDOWS\SYSTEM32\RUNDLL32.EXE
2019-01-21 18:51:08,\VOLUME{01d4afbc17080c3d-ea174897}\PROGRAMDATA\MICROSOFT\WINDOWS DEFENDER\PLATFORM\4.18.1812.3-0\MPCMDRUN.EXE
2019-01-21 18:12:50,\VOLUME{01d4afbc17080c3d-ea174897}\PROGRAMDATA\MICROSOFT\WINDOWS DEFENDER\PLATFORM\4.18.1812.3-0\MPCMDRUN.EXE
2019-01-21 18:12:50,\VOLUME{01d4afbc17080c3d-ea174897}\PROGRAMDATA\MICROSOFT\WINDOWS DEFENDER\PLATFORM\4.18.1812.3-0\MPCMDRUN.EXE
2019-01-21 18:12:50,\VOLUME{01d4afbc17080c3d-ea174897}\PROGRAMDATA\MICROSOFT\WINDOWS DEFENDER\PLATFORM\4.18.1812.3-0\MPCMDRUN.EXE
2019-01-20 21:22:14,\VOLUME{01d4afbc17080c3d-ea174897}\PROGRAMDATA\MICROSOFT\WINDOWS DEFENDER\PLATFORM\4.18.1812.3-0\MPCMDRUN.EXE
2019-01-20 21:22:14,\VOLUME{01d4afbc17080c3d-ea174897}\PROGRAMDATA\MICROSOFT\WINDOWS DEFENDER\PLATFORM\4.18.1812.3-0\MPCMDRUN.EXE
2019-01-20 21:22:14,\VOLUME{01d4afbc17080c3d-ea174897}\PROGRAMDATA\MICROSOFT\WINDOWS DEFENDER\PLATFORM\4.18.1812.3-0\MPCMDRUN.EXE
2019-01-20 18:32:58,\VOLUME{01d4afbc17080c3d-ea174897}\PROGRAMDATA\MICROSOFT\WINDOWS DEFENDER\PLATFORM\4.18.1812.3-0\MPCMDRUN.EXE
2019-01-21 05:10:14,TORBROWSER-INSTALL-WIN64-8.0.
2019-01-21 16:58:44,\VOLUME{01d4afbc17080c3d-ea174897}\PROGRAM FILES\CYBERTRON\PRIVACY ERASER\PRIVACYERASER64.EXE
2019-01-21 16:58:32,\VOLUME{01d4afbc17080c3d-ea174897}\PROGRAM FILES\CYBERTRON\PRIVACY ERASER\PRIVACYERASER64.EXE
2019-01-20 21:12:34,\VOLUME{01d4afbc17080c3d-ea174897}\PROGRAM FILES\WINDOWS DEFENDER\MSASCUIL.EXE
2019-01-20 21:09:42,\VOLUME{01d4afbc17080c3d-ea174897}\PROGRAM FILES\WINDOWS DEFENDER\MSASCUIL.EXE
2019-01-20 20:51:27,\VOLUME{01d4afbc17080c3d-ea174897}\PROGRAM FILES\WINDOWS DEFENDER\MSASCUIL.EXE
2019-01-20 03:50:46,\VOLUME{01d4afbc17080c3d-ea174897}\PROGRAM FILES\WINDOWS DEFENDER\MSASCUIL.EXE
2019-01-19 03:14:23,\VOLUME{01d4afbc17080c3d-ea174897}\PROGRAM FILES\WINDOWS DEFENDER\MSASCUIL.EXE
2019-01-21 18:41:12,\VOLUME{01d4afbc17080c3d-ea174897}\WINDOWS\SYSTEM32\SPPEXTCOMOBJ.EXE
2019-01-21 00:43:11,\VOLUME{01d4afbc17080c3d-ea174897}\WINDOWS\SYSTEM32\SPPEXTCOMOBJ.EXE
2019-01-20 20:51:04,\VOLUME{01d4afbc17080c3d-ea174897}\WINDOWS\SYSTEM32\SPPEXTCOMOBJ.EXE
2019-01-20 18:25:04,\VOLUME{01d4afbc17080c3d-ea174897}\WINDOWS\SYSTEM32\SPPEXTCOMOBJ.EXE
2019-01-20 03:18:47,\VOLUME{01d4afbc17080c3d-ea174897}\WINDOWS\SYSTEM32\SPPEXTCOMOBJ.EXE
2019-01-19 03:18:47,\VOLUME{01d4afbc17080c3d-ea174897}\WINDOWS\SYSTEM32\SPPEXTCOMOBJ.EXE
2019-01-19 03:07:13,\VOLUME{01d4afbc17080c3d-ea174897}\WINDOWS\SYSTEM32\SPPEXTCOMOBJ.EXE
2019-01-21 17:04:25,\VOLUME{01d4afbc17080c3d-ea174897}\WINDOWS\SYSTEM32\RUNDLL32.EXE
2019-01-20 21:17:55,\VOLUME{01d4afbc17080c3d-ea174897}\PROGRAM FILES (X86)\DROPBOX\CLIENT\DROPBOX.EXE
2019-01-20 21:17:55,\VOLUME{01d4afbc17080c3d-ea174897}\PROGRAM FILES (X86)\DROPBOX\CLIENT\DROPBOX.EXE
2019-01-20 21:17:59,\VOLUME{01d4afbc17080c3d-ea174897}\PROGRAM FILES (X86)\DROPBOX\CLIENT\DROPBOX.EXE
2019-01-20 21:17:55,\VOLUME{01d4afbc17080c3d-ea174897}\PROGRAM FILES (X86)\DROPBOX\CLIENT\DROPBOX.EXE
2019-01-21 19:37:43,\VOLUME{01d4afbc17080c3d-ea174897}\WINDOWS\MICROSOFT.NET\FRAMEWORK\V4.0.30319\MSCORSVW.EXE
2019-01-21 19:23:05,\VOLUME{01d4afbc17080c3d-ea174897}\WINDOWS\MICROSOFT.NET\FRAMEWORK\V4.0.30319\MSCORSVW.EXE
2019-01-21 19:07:26,\VOLUME{01d4afbc17080c3d-ea174897}\WINDOWS\MICROSOFT.NET\FRAMEWORK\V4.0.30319\MSCORSVW.EXE
2019-01-21 18:51:32,\VOLUME{01d4afbc17080c3d-ea174897}\WINDOWS\MICROSOFT.NET\FRAMEWORK\V4.0.30319\MSCORSVW.EXE
2019-01-21 17:56:08,\VOLUME{01d4afbc17080c3d-ea174897}\WINDOWS\MICROSOFT.NET\FRAMEWORK\V4.0.30319\MSCORSVW.EXE
2019-01-21 17:42:50,\VOLUME{01d4afbc17080c3d-ea174897}\WINDOWS\MICROSOFT.NET\FRAMEWORK\V4.0.30319\MSCORSVW.EXE
2019-01-21 17:04:44,\VOLUME{01d4afbc17080c3d-ea174897}\WINDOWS\MICROSOFT.NET\FRAMEWORK\V4.0.30319\MSCORSVW.EXE
2019-01-21 17:04:43,\VOLUME{01d4afbc17080c3d-ea174897}\WINDOWS\MICROSOFT.NET\FRAMEWORK\V4.0.30319\MSCORSVW.EXE
2019-01-20 21:27:14,\VOLUME{01d4afbc17080c3d-ea174897}\WINDOWS\SYSWOW64\DLLHOST.EXE
2019-01-21 19:25:39,\VOLUME{01d4afbc17080c3d-ea174897}\WINDOWS\SYSTEM32\SVCHOST.EXE
2019-01-21 19:15:48,\VOLUME{01d4afbc17080c3d-ea174897}\WINDOWS\SYSTEM32\SVCHOST.EXE
2019-01-21 05:32:32,\VOLUME{01d4afbc17080c3d-ea174897}\WINDOWS\SYSTEM32\SVCHOST.EXE
2019-01-21 05:14:54,\VOLUME{01d4afbc17080c3d-ea174897}\WINDOWS\SYSTEM32\SVCHOST.EXE
2019-01-20 20:51:14,\VOLUME{01d4afbc17080c3d-ea174897}\WINDOWS\SYSTEM32\SVCHOST.EXE
2019-01-20 19:45:52,\VOLUME{01d4afbc17080c3d-ea174897}\WINDOWS\SYSTEM32\SVCHOST.EXE
2019-01-20 18:32:16,\VOLUME{01d4afbc17080c3d-ea174897}\WINDOWS\SYSTEM32\SVCHOST.EXE
2019-01-20 02:59:08,\VOLUME{01d4afbc17080c3d-ea174897}\WINDOWS\SYSTEM32\SVCHOST.EXE
2019-01-21 19:16:10,\VOLUME{01d4afbc17080c3d-ea174897}\PROGRAM FILES\LIBREOFFICE\PROGRAM\SCALC.EXE
2019-01-21 05:05:04,\VOLUME{01d4afbc17080c3d-ea174897}\PROGRAM FILES\LIBREOFFICE\PROGRAM\SCALC.EXE
2019-01-20 03:55:11,\VOLUME{01d4afbc17080c3d-ea174897}\PROGRAMDATA\MICROSOFT\WINDOWS DEFENDER\PLATFORM\4.18.1812.3-0\MSMPENG.EXE
2019-01-20 02:37:17,ONEDRIVESETUP.EXE
2019-01-20 02:37:16,ONEDRIVESETUP.EXE
2019-01-19 03:15:42,ONEDRIVESETUP.EXE
2019-01-19 03:15:36,ONEDRIVESETUP.EXE
2019-01-21 16:58:04,\VOLUME{01d4afbc17080c3d-ea174897}\USERS\SROGERS\APPDATA\LOCAL\TEMP\IS-N8IP5.TMP\PRIVACYERASER64.EXE
2019-01-20 21:17:38,\VOLUME{01d4afbc17080c3d-ea174897}\WINDOWS\SYSTEM32\SC.EXE
2019-01-20 21:17:38,\VOLUME{01d4afbc17080c3d-ea174897}\WINDOWS\SYSTEM32\SC.EXE
2019-01-20 20:51:40,\VOLUME{01d4afbc17080c3d-ea174897}\WINDOWS\SYSTEM32\WERFAULT.EXE
2019-01-20 20:51:40,\VOLUME{01d4afbc17080c3d-ea174897}\WINDOWS\SYSTEM32\WERFAULT.EXE
2019-01-21 05:16:38,\VOLUME{01d4afbc17080c3d-ea174897}\USERS\SROGERS\APPDATA\ROAMING\BITTORRENT\UPDATES\7.10.4_44847\BITTORRENTIE.EXE
2019-01-21 05:16:38,\VOLUME{01d4afbc17080c3d-ea174897}\USERS\SROGERS\APPDATA\ROAMING\BITTORRENT\UPDATES\7.10.4_44847\BITTORRENTIE.EXE
2019-01-20 21:27:20,\VOLUME{01d4afbc17080c3d-ea174897}\USERS\SROGERS\APPDATA\ROAMING\BITTORRENT\UPDATES\7.10.4_44847\BITTORRENTIE.EXE
2019-01-20 21:27:20,\VOLUME{01d4afbc17080c3d-ea174897}\USERS\SROGERS\APPDATA\ROAMING\BITTORRENT\UPDATES\7.10.4_44847\BITTORRENTIE.EXE
2019-01-21 19:37:43,\VOLUME{01d4afbc17080c3d-ea174897}\WINDOWS\MICROSOFT.NET\FRAMEWORK64\V4.0.30319\NGENTASK.EXE
2019-01-21 19:23:05,\VOLUME{01d4afbc17080c3d-ea174897}\WINDOWS\MICROSOFT.NET\FRAMEWORK64\V4.0.30319\NGENTASK.EXE
2019-01-21 19:07:26,\VOLUME{01d4afbc17080c3d-ea174897}\WINDOWS\MICROSOFT.NET\FRAMEWORK64\V4.0.30319\NGENTASK.EXE
2019-01-21 18:51:32,\VOLUME{01d4afbc17080c3d-ea174897}\WINDOWS\MICROSOFT.NET\FRAMEWORK64\V4.0.30319\NGENTASK.EXE
2019-01-21 17:56:08,\VOLUME{01d4afbc17080c3d-ea174897}\WINDOWS\MICROSOFT.NET\FRAMEWORK64\V4.0.30319\NGENTASK.EXE
2019-01-21 17:42:49,\VOLUME{01d4afbc17080c3d-ea174897}\WINDOWS\MICROSOFT.NET\FRAMEWORK64\V4.0.30319\NGENTASK.EXE
2019-01-21 17:04:24,\VOLUME{01d4afbc17080c3d-ea174897}\WINDOWS\MICROSOFT.NET\FRAMEWORK64\V4.0.30319\NGENTASK.EXE
2019-01-20 19:58:08,\VOLUME{01d4afbc17080c3d-ea174897}\WINDOWS\MICROSOFT.NET\FRAMEWORK64\V4.0.30319\NGENTASK.EXE
2019-01-20 21:17:18,\VOLUME{01d4afbc17080c3d-ea174897}\PROGRAM FILES (X86)\DROPBOX\CLIENT_64.4.141\DROPBOX.EXE
2019-01-21 19:49:51,\VOLUME{01d4afbc17080c3d-ea174897}\WINDOWS\SYSTEM32\CMD.EXE
2019-01-21 18:41:06,\VOLUME{01d4afbc17080c3d-ea174897}\WINDOWS\SYSTEM32\CMD.EXE
2019-01-21 16:55:59,\VOLUME{01d4afbc17080c3d-ea174897}\WINDOWS\SYSTEM32\CMD.EXE
2019-01-21 05:34:37,\VOLUME{01d4afbc17080c3d-ea174897}\WINDOWS\SYSTEM32\CMD.EXE
2019-01-20 21:27:11,\VOLUME{01d4afbc17080c3d-ea174897}\WINDOWS\SYSTEM32\CMD.EXE
2019-01-20 21:10:08,\VOLUME{01d4afbc17080c3d-ea174897}\WINDOWS\SYSTEM32\CMD.EXE
2019-01-20 20:51:40,\VOLUME{01d4afbc17080c3d-ea174897}\WINDOWS\SYSTEM32\CMD.EXE
2019-01-20 20:51:03,\VOLUME{01d4afbc17080c3d-ea174897}\WINDOWS\SYSTEM32\CMD.EXE
2019-01-20 21:18:05,\VOLUME{01d4afbc17080c3d-ea174897}\WINDOWS\SYSTEMAPPS\SHELLEXPERIENCEHOST_CW5N1H2TXYEWY\SHELLEXPERIENCEHOST.EXE
2019-01-20 21:12:22,\VOLUME{01d4afbc17080c3d-ea174897}\WINDOWS\SYSTEMAPPS\SHELLEXPERIENCEHOST_CW5N1H2TXYEWY\SHELLEXPERIENCEHOST.EXE
2019-01-20 21:09:29,\VOLUME{01d4afbc17080c3d-ea174897}\WINDOWS\SYSTEMAPPS\SHELLEXPERIENCEHOST_CW5N1H2TXYEWY\SHELLEXPERIENCEHOST.EXE
2019-01-20 20:51:15,\VOLUME{01d4afbc17080c3d-ea174897}\WINDOWS\SYSTEMAPPS\SHELLEXPERIENCEHOST_CW5N1H2TXYEWY\SHELLEXPERIENCEHOST.EXE
2019-01-20 03:50:34,\VOLUME{01d4afbc17080c3d-ea174897}\WINDOWS\SYSTEMAPPS\SHELLEXPERIENCEHOST_CW5N1H2TXYEWY\SHELLEXPERIENCEHOST.EXE
2019-01-21 19:14:42,\VOLUME{01d4afbc17080c3d-ea174897}\WINDOWS\SYSTEM32\SVCHOST.EXE
2019-01-21 05:33:08,\VOLUME{01d4afbc17080c3d-ea174897}\WINDOWS\SYSTEM32\SVCHOST.EXE
2019-01-21 05:26:58,\VOLUME{01d4afbc17080c3d-ea174897}\WINDOWS\SYSTEM32\SVCHOST.EXE
2019-01-21 05:18:35,\VOLUME{01d4afbc17080c3d-ea174897}\WINDOWS\SYSTEM32\SVCHOST.EXE
2019-01-21 05:14:59,\VOLUME{01d4afbc17080c3d-ea174897}\WINDOWS\SYSTEM32\SVCHOST.EXE
2019-01-21 05:04:50,\VOLUME{01d4afbc17080c3d-ea174897}\WINDOWS\SYSTEM32\SVCHOST.EXE
2019-01-20 21:27:23,\VOLUME{01d4afbc17080c3d-ea174897}\WINDOWS\SYSTEM32\SVCHOST.EXE
2019-01-20 21:11:11,\VOLUME{01d4afbc17080c3d-ea174897}\WINDOWS\SYSTEM32\SVCHOST.EXE
2019-01-20 21:25:29,\VOLUME{01d4afbc17080c3d-ea174897}\WINDOWS\SYSTEM32\APPLICATIONFRAMEHOST.EXE
2019-01-20 21:09:53,\VOLUME{01d4afbc17080c3d-ea174897}\WINDOWS\SYSTEM32\APPLICATIONFRAMEHOST.EXE
2019-01-20 03:53:45,\VOLUME{01d4afbc17080c3d-ea174897}\WINDOWS\SYSTEM32\APPLICATIONFRAMEHOST.EXE
2019-01-21 18:56:51,\VOLUME{01d4afbc17080c3d-ea174897}\WINDOWS\SYSTEM32\SVCHOST.EXE
2019-01-20 03:55:16,AM_DELTA_PATCH_1.283.3332.0.E
2019-01-21 19:14:43,\VOLUME{01d4afbc17080c3d-ea174897}\WINDOWS\SYSTEM32\WINDOWS.WARP.JITSERVICE.EXE
2019-01-21 05:04:52,\VOLUME{01d4afbc17080c3d-ea174897}\WINDOWS\SYSTEM32\WINDOWS.WARP.JITSERVICE.EXE
2019-01-20 03:05:58,\VOLUME{01d4afbc17080c3d-ea174897}\WINDOWS\SYSTEM32\WINDOWS.WARP.JITSERVICE.EXE
2019-01-20 03:02:21,\VOLUME{01d4afbc17080c3d-ea174897}\WINDOWS\SYSTEM32\WINDOWS.WARP.JITSERVICE.EXE
2019-01-20 02:54:17,\VOLUME{01d4afbc17080c3d-ea174897}\WINDOWS\SYSTEM32\WINDOWS.WARP.JITSERVICE.EXE
2019-01-20 02:53:47,\VOLUME{01d4afbc17080c3d-ea174897}\WINDOWS\SYSTEM32\WINDOWS.WARP.JITSERVICE.EXE
2019-01-20 02:53:08,\VOLUME{01d4afbc17080c3d-ea174897}\WINDOWS\SYSTEM32\WINDOWS.WARP.JITSERVICE.EXE
2019-01-20 02:52:50,\VOLUME{01d4afbc17080c3d-ea174897}\WINDOWS\SYSTEM32\WINDOWS.WARP.JITSERVICE.EXE
2019-01-21 19:18:58,\VOLUME{01d4afbc17080c3d-ea174897}\WINDOWS\SYSTEM32\DLLHOST.EXE
2019-01-21 19:13:16,\VOLUME{01d4afbc17080c3d-ea174897}\WINDOWS\SYSTEM32\DLLHOST.EXE
2019-01-21 16:57:33,\VOLUME{01d4afbc17080c3d-ea174897}\WINDOWS\SYSTEM32\DLLHOST.EXE
2019-01-21 05:21:15,\VOLUME{01d4afbc17080c3d-ea174897}\WINDOWS\SYSTEM32\DLLHOST.EXE
2019-01-21 05:09:39,\VOLUME{01d4afbc17080c3d-ea174897}\WINDOWS\SYSTEM32\DLLHOST.EXE
2019-01-21 05:06:44,\VOLUME{01d4afbc17080c3d-ea174897}\WINDOWS\SYSTEM32\DLLHOST.EXE
2019-01-21 05:04:19,\VOLUME{01d4afbc17080c3d-ea174897}\WINDOWS\SYSTEM32\DLLHOST.EXE
2019-01-21 05:00:25,\VOLUME{01d4afbc17080c3d-ea174897}\WINDOWS\SYSTEM32\DLLHOST.EXE
2019-01-20 21:11:33,\VOLUME{01d4afbc17080c3d-ea174897}\WINDOWS\SYSWOW64\DLLHOST.EXE
2019-01-21 16:56:04,\VOLUME{01d4afbc17080c3d-ea174897}\WINDOWS\SYSTEM32\WBEM\WMIPRVSE.EXE
2019-01-20 19:58:03,\VOLUME{01d4afbc17080c3d-ea174897}\WINDOWS\SYSTEM32\WBEM\WMIPRVSE.EXE
2019-01-20 18:25:13,\VOLUME{01d4afbc17080c3d-ea174897}\WINDOWS\SYSTEM32\WBEM\WMIPRVSE.EXE
2019-01-20 02:53:00,\VOLUME{01d4afbc17080c3d-ea174897}\WINDOWS\SYSTEM32\WBEM\WMIPRVSE.EXE
2019-01-20 02:37:02,\VOLUME{01d4afbc17080c3d-ea174897}\WINDOWS\SYSTEM32\WBEM\WMIPRVSE.EXE
2019-01-19 03:19:48,\VOLUME{01d4afbc17080c3d-ea174897}\WINDOWS\SYSTEM32\WBEM\WMIPRVSE.EXE
2019-01-19 03:16:55,\VOLUME{01d4afbc17080c3d-ea174897}\WINDOWS\SYSTEM32\WBEM\WMIPRVSE.EXE
2019-01-19 03:07:14,\VOLUME{01d4afbc17080c3d-ea174897}\WINDOWS\SYSTEM32\WBEM\WMIPRVSE.EXE
2019-01-20 21:15:11,\VOLUME{01d4afbc17080c3d-ea174897}\WINDOWS\SYSTEM32\SVCHOST.EXE
2019-01-20 21:11:12,\VOLUME{01d4afbc17080c3d-ea174897}\WINDOWS\SYSTEM32\SVCHOST.EXE
2019-01-20 03:54:38,\VOLUME{01d4afbc17080c3d-ea174897}\WINDOWS\SYSTEM32\SVCHOST.EXE
2019-01-20 21:12:25,\VOLUME{01d4afbc17080c3d-ea174897}\WINDOWS\SYSTEM32\SEARCHINDEXER.EXE
2019-01-20 21:09:32,\VOLUME{01d4afbc17080c3d-ea174897}\WINDOWS\SYSTEM32\SEARCHINDEXER.EXE
2019-01-20 03:46:47,\VOLUME{01d4afbc17080c3d-ea174897}\WINDOWS\SYSTEM32\POQEXEC.EXE
2019-01-20 21:18:04,\VOLUME{01d4afbc17080c3d-ea174897}\WINDOWS\EXPLORER.EXE
2019-01-21 18:41:08,\VOLUME{01d4afbc17080c3d-ea174897}\WINDOWS\SYSTEM32\IPCONFIG.EXE
2019-01-21 16:55:59,\VOLUME{01d4afbc17080c3d-ea174897}\WINDOWS\SYSTEM32\IPCONFIG.EXE
2019-01-21 05:34:37,\VOLUME{01d4afbc17080c3d-ea174897}\WINDOWS\SYSTEM32\IPCONFIG.EXE
2019-01-21 04:57:47,\VOLUME{01d4afbc17080c3d-ea174897}\WINDOWS\SYSTEM32\IPCONFIG.EXE
2019-01-21 00:43:28,\VOLUME{01d4afbc17080c3d-ea174897}\WINDOWS\SYSTEM32\IPCONFIG.EXE
2019-01-21 00:43:03,\VOLUME{01d4afbc17080c3d-ea174897}\WINDOWS\SYSTEM32\IPCONFIG.EXE
2019-01-20 21:28:06,\VOLUME{01d4afbc17080c3d-ea174897}\WINDOWS\SYSTEM32\IPCONFIG.EXE
2019-01-20 21:10:32,\VOLUME{01d4afbc17080c3d-ea174897}\WINDOWS\SYSTEM32\IPCONFIG.EXE
2019-01-20 02:53:03,\VOLUME{01d4afbc17080c3d-ea174897}\WINDOWS\SYSWOW64\MSIEXEC.EXE
2019-01-20 02:37:31,\VOLUME{01d4afbc17080c3d-ea174897}\WINDOWS\SYSWOW64\MSIEXEC.EXE
2019-01-21 05:09:22,\VOLUME{01d4afbc17080c3d-ea174897}\PROGRAM FILES (X86)\DROPBOX\CLIENT\QTWEBENGINEPROCESS.EXE
2019-01-21 05:08:43,\VOLUME{01d4afbc17080c3d-ea174897}\PROGRAM FILES (X86)\DROPBOX\CLIENT\QTWEBENGINEPROCESS.EXE
2019-01-20 21:18:09,\VOLUME{01d4afbc17080c3d-ea174897}\PROGRAM FILES (X86)\DROPBOX\CLIENT\QTWEBENGINEPROCESS.EXE
2019-01-21 18:56:51,\VOLUME{01d4afbc17080c3d-ea174897}\WINDOWS\SYSTEM32\SVCHOST.EXE
2019-01-21 18:41:35,\VOLUME{01d4afbc17080c3d-ea174897}\WINDOWS\SYSTEM32\SVCHOST.EXE
2019-01-21 16:56:01,\VOLUME{01d4afbc17080c3d-ea174897}\WINDOWS\SYSTEM32\SVCHOST.EXE
2019-01-21 05:21:16,\VOLUME{01d4afbc17080c3d-ea174897}\WINDOWS\SYSTEM32\SVCHOST.EXE
2019-01-21 00:43:05,\VOLUME{01d4afbc17080c3d-ea174897}\WINDOWS\SYSTEM32\SVCHOST.EXE
2019-01-20 18:25:02,\VOLUME{01d4afbc17080c3d-ea174897}\WINDOWS\SYSTEM32\SVCHOST.EXE
2019-01-19 03:18:47,\VOLUME{01d4afbc17080c3d-ea174897}\WINDOWS\SYSTEM32\SVCHOST.EXE
2019-01-21 17:03:54,\VOLUME{01d4afbc17080c3d-ea174897}\WINDOWS\SYSTEM32\RUNTIMEBROKER.EXE
2019-01-20 20:51:19,\VOLUME{01d4afbc17080c3d-ea174897}\WINDOWS\SYSTEM32\RUNTIMEBROKER.EXE
2019-01-20 21:14:14,\VOLUME{01d4afbc17080c3d-ea174897}\WINDOWS\SYSTEM32\SVCHOST.EXE
2019-01-20 03:51:40,\VOLUME{01d4afbc17080c3d-ea174897}\WINDOWS\SYSTEM32\SVCHOST.EXE
2019-01-19 03:14:55,\VOLUME{01d4afbc17080c3d-ea174897}\WINDOWS\SYSTEM32\SVCHOST.EXE
2019-01-19 03:08:53,\VOLUME{01d4afbc17080c3d-ea174897}\WINDOWS\SYSTEM32\SVCHOST.EXE
2019-01-20 21:27:18,\VOLUME{01d4afbc17080c3d-ea174897}\USERS\SROGERS\APPDATA\ROAMING\BITTORRENT\BITTORRENT.EXE
2019-01-21 05:33:08,\VOLUME{01d4afbc17080c3d-ea174897}\WINDOWS\SYSTEM32\RUNTIMEBROKER.EXE
2019-01-21 05:21:37,\VOLUME{01d4afbc17080c3d-ea174897}\WINDOWS\SYSTEM32\RUNTIMEBROKER.EXE
2019-01-21 05:18:35,\VOLUME{01d4afbc17080c3d-ea174897}\WINDOWS\SYSTEM32\RUNTIMEBROKER.EXE
2019-01-20 21:25:29,\VOLUME{01d4afbc17080c3d-ea174897}\WINDOWS\SYSTEM32\RUNTIMEBROKER.EXE
2019-01-20 03:53:46,\VOLUME{01d4afbc17080c3d-ea174897}\WINDOWS\SYSTEM32\RUNTIMEBROKER.EXE
2019-01-20 02:59:47,\VOLUME{01d4afbc17080c3d-ea174897}\WINDOWS\SYSTEM32\RUNDLL32.EXE
2019-01-20 02:59:46,\VOLUME{01d4afbc17080c3d-ea174897}\WINDOWS\SYSTEM32\RUNDLL32.EXE
2019-01-21 17:04:24,\VOLUME{01d4afbc17080c3d-ea174897}\WINDOWS\SYSTEM32\DEFRAG.EXE
2019-01-20 21:22:41,\VOLUME{01d4afbc17080c3d-ea174897}\WINDOWS\SYSTEM32\DEFRAG.EXE
2019-01-20 18:28:59,\VOLUME{01d4afbc17080c3d-ea174897}\WINDOWS\SYSTEM32\DEFRAG.EXE
2019-01-20 03:11:28,\VOLUME{01d4afbc17080c3d-ea174897}\WINDOWS\SYSTEM32\DEFRAG.EXE
2019-01-20 21:25:49,\VOLUME{01d4afbc17080c3d-ea174897}\WINDOWS\SYSTEM32\SVCHOST.EXE
2019-01-20 21:26:07,\VOLUME{01d4afbc17080c3d-ea174897}\USERS\SROGERS\APPDATA\LOCAL\TEMP\7ZSCA0D545C\GENERICSETUP.EXE
2019-01-20 21:16:48,DROPBOXCLIENT_64.4.141.EXE
2019-01-20 21:09:56,\VOLUME{01d4afbc17080c3d-ea174897}\WINDOWS\SYSTEM32\SVCHOST.EXE
2019-01-20 18:25:28,\VOLUME{01d4afbc17080c3d-ea174897}\WINDOWS\SYSTEM32\SVCHOST.EXE
2019-01-19 03:07:39,\VOLUME{01d4afbc17080c3d-ea174897}\WINDOWS\SYSTEM32\SVCHOST.EXE
2019-01-21 19:13:15,\VOLUME{01d4afbc17080c3d-ea174897}\WINDOWS\SYSTEM32\RUNTIMEBROKER.EXE
2019-01-20 21:10:06,\VOLUME{01d4afbc17080c3d-ea174897}\WINDOWS\SYSTEM32\RUNTIMEBROKER.EXE
2019-01-20 03:02:18,\VOLUME{01d4afbc17080c3d-ea174897}\WINDOWS\SYSTEM32\RUNDLL32.EXE
2019-01-20 03:02:18,\VOLUME{01d4afbc17080c3d-ea174897}\WINDOWS\SYSTEM32\RUNDLL32.EXE
2019-01-21 19:49:51,\VOLUME{01d4afbc17080c3d-ea174897}\WINDOWS\SYSTEM32\MANAGE-BDE.EXE
2019-01-20 21:17:36,\VOLUME{01d4afbc17080c3d-ea174897}\WINDOWS\SYSWOW64\NETSH.EXE
2019-01-20 21:17:35,\VOLUME{01d4afbc17080c3d-ea174897}\WINDOWS\SYSWOW64\NETSH.EXE
2019-01-20 21:12:24,\VOLUME{01d4afbc17080c3d-ea174897}\WINDOWS\SYSTEM32\RUNTIMEBROKER.EXE
2019-01-20 03:50:35,\VOLUME{01d4afbc17080c3d-ea174897}\WINDOWS\SYSTEM32\RUNTIMEBROKER.EXE
2019-01-21 19:49:32,\VOLUME{01d4afbc17080c3d-ea174897}\WINDOWS\SYSTEM32\SVCHOST.EXE
2019-01-21 19:49:45,\VOLUME{01d4afbc17080c3d-ea174897}\WINDOWS\SYSTEM32\SMARTSCREEN.EXE
2019-01-20 21:12:24,\VOLUME{01d4afbc17080c3d-ea174897}\WINDOWS\SYSTEM32\SMARTSCREEN.EXE
2019-01-20 21:09:32,\VOLUME{01d4afbc17080c3d-ea174897}\WINDOWS\SYSTEM32\SMARTSCREEN.EXE
2019-01-20 03:02:18,\VOLUME{01d4afbc17080c3d-ea174897}\WINDOWS\SYSTEM32\SMARTSCREEN.EXE
2019-01-19 03:06:59,\VOLUME{01d4afbc17080c3d-ea174897}\WINDOWS\SYSTEM32\SMARTSCREEN.EXE
2019-01-20 21:17:37,\VOLUME{01d4afbc17080c3d-ea174897}\WINDOWS\SYSTEM32\RUNONCE.EXE
2019-01-21 05:23:03,\VOLUME{01d4afbc17080c3d-ea174897}\WINDOWS\SYSTEM32\PICKERHOST.EXE
2019-01-21 05:22:17,\VOLUME{01d4afbc17080c3d-ea174897}\WINDOWS\SYSTEM32\PICKERHOST.EXE
2019-01-21 19:14:42,\VOLUME{01d4afbc17080c3d-ea174897}\WINDOWS\SYSTEMAPPS\MICROSOFT.MICROSOFTEDGE_8WEKYB3D8BBWE\MICROSOFTPDFREADER.EXE
2019-01-21 05:04:51,\VOLUME{01d4afbc17080c3d-ea174897}\WINDOWS\SYSTEMAPPS\MICROSOFT.MICROSOFTEDGE_8WEKYB3D8BBWE\MICROSOFTPDFREADER.EXE
2019-01-21 19:49:43,\VOLUME{01d4afbc17080c3d-ea174897}\WINDOWS\SYSTEM32\SVCHOST.EXE
2019-01-21 19:49:33,\VOLUME{01d4afbc17080c3d-ea174897}\WINDOWS\SYSTEM32\WUDFHOST.EXE
2019-01-21 16:59:46,\VOLUME{01d4afbc17080c3d-ea174897}\WINDOWS\SYSTEM32\WUDFHOST.EXE
2019-01-21 05:33:06,\VOLUME{01d4afbc17080c3d-ea174897}\WINDOWS\SYSTEM32\WUDFHOST.EXE
2019-01-21 05:00:16,\VOLUME{01d4afbc17080c3d-ea174897}\WINDOWS\SYSTEM32\WUDFHOST.EXE
2019-01-20 21:26:03,\VOLUME{01d4afbc17080c3d-ea174897}\USERS\SROGERS\DOWNLOADS\BITTORRENT.EXE
2019-01-21 19:14:43,\VOLUME{01d4afbc17080c3d-ea174897}\WINDOWS\SYSTEM32\SVCHOST.EXE
2019-01-21 05:04:52,\VOLUME{01d4afbc17080c3d-ea174897}\WINDOWS\SYSTEM32\SVCHOST.EXE
2019-01-20 03:55:05,\VOLUME{01d4afbc17080c3d-ea174897}\WINDOWS\TEMP\{5E7DE1C9-F2D7-41C8-88E5-9121D95D7D2F}\MPSIGSTUB.EXE
2019-01-21 19:49:51,\VOLUME{01d4afbc17080c3d-ea174897}\WINDOWS\SYSTEM32\CLIP.EXE
2019-01-21 19:15:13,\VOLUME{01d4afbc17080c3d-ea174897}\WINDOWS\SYSTEMAPPS\MICROSOFT.MICROSOFTEDGE_8WEKYB3D8BBWE\MICROSOFTEDGECP.EXE
2019-01-21 19:15:12,\VOLUME{01d4afbc17080c3d-ea174897}\WINDOWS\SYSTEMAPPS\MICROSOFT.MICROSOFTEDGE_8WEKYB3D8BBWE\MICROSOFTEDGECP.EXE
2019-01-21 05:33:08,\VOLUME{01d4afbc17080c3d-ea174897}\WINDOWS\SYSTEMAPPS\MICROSOFT.MICROSOFTEDGE_8WEKYB3D8BBWE\MICROSOFTEDGECP.EXE
2019-01-21 05:18:36,\VOLUME{01d4afbc17080c3d-ea174897}\WINDOWS\SYSTEMAPPS\MICROSOFT.MICROSOFTEDGE_8WEKYB3D8BBWE\MICROSOFTEDGECP.EXE
2019-01-21 05:14:59,\VOLUME{01d4afbc17080c3d-ea174897}\WINDOWS\SYSTEMAPPS\MICROSOFT.MICROSOFTEDGE_8WEKYB3D8BBWE\MICROSOFTEDGECP.EXE
2019-01-21 05:04:50,\VOLUME{01d4afbc17080c3d-ea174897}\WINDOWS\SYSTEMAPPS\MICROSOFT.MICROSOFTEDGE_8WEKYB3D8BBWE\MICROSOFTEDGECP.EXE
2019-01-20 21:25:39,\VOLUME{01d4afbc17080c3d-ea174897}\WINDOWS\SYSTEMAPPS\MICROSOFT.MICROSOFTEDGE_8WEKYB3D8BBWE\MICROSOFTEDGECP.EXE
2019-01-20 21:25:39,\VOLUME{01d4afbc17080c3d-ea174897}\WINDOWS\SYSTEMAPPS\MICROSOFT.MICROSOFTEDGE_8WEKYB3D8BBWE\MICROSOFTEDGECP.EXE
2019-01-20 21:09:46,\VOLUME{01d4afbc17080c3d-ea174897}\WINDOWS\SYSTEM32\DLLHOST.EXE
2019-01-20 02:37:31,\VOLUME{01d4afbc17080c3d-ea174897}\WINDOWS\SYSWOW64\CMD.EXE
2019-01-20 02:37:31,\VOLUME{01d4afbc17080c3d-ea174897}\WINDOWS\SYSWOW64\CMD.EXE
2019-01-20 02:37:31,\VOLUME{01d4afbc17080c3d-ea174897}\WINDOWS\SYSWOW64\CMD.EXE
2019-01-20 02:37:31,\VOLUME{01d4afbc17080c3d-ea174897}\WINDOWS\SYSWOW64\CMD.EXE
2019-01-20 02:37:31,\VOLUME{01d4afbc17080c3d-ea174897}\WINDOWS\SYSWOW64\CMD.EXE
2019-01-20 21:14:13,\VOLUME{01d4afbc17080c3d-ea174897}\WINDOWS\SYSTEM32\SVCHOST.EXE
2019-01-20 03:51:39,\VOLUME{01d4afbc17080c3d-ea174897}\WINDOWS\SYSTEM32\SVCHOST.EXE
2019-01-19 03:08:53,\VOLUME{01d4afbc17080c3d-ea174897}\WINDOWS\SYSTEM32\SVCHOST.EXE
2019-01-21 18:41:12,\VOLUME{01d4afbc17080c3d-ea174897}\WINDOWS\SYSTEM32\SLUI.EXE
2019-01-21 18:41:14,\VOLUME{01d4afbc17080c3d-ea174897}\WINDOWS\SYSTEM32\SLUI.EXE
2019-01-21 16:56:09,\VOLUME{01d4afbc17080c3d-ea174897}\WINDOWS\SYSTEM32\SLUI.EXE
2019-01-21 00:43:11,\VOLUME{01d4afbc17080c3d-ea174897}\WINDOWS\SYSTEM32\SLUI.EXE
2019-01-20 21:12:26,\VOLUME{01d4afbc17080c3d-ea174897}\WINDOWS\SYSTEM32\SLUI.EXE
2019-01-20 20:51:14,\VOLUME{01d4afbc17080c3d-ea174897}\WINDOWS\SYSTEM32\SLUI.EXE
2019-01-20 20:51:14,\VOLUME{01d4afbc17080c3d-ea174897}\WINDOWS\SYSTEM32\SLUI.EXE
2019-01-20 20:51:14,\VOLUME{01d4afbc17080c3d-ea174897}\WINDOWS\SYSTEM32\SLUI.EXE
2019-01-20 21:13:32,\VOLUME{01d4afbc17080c3d-ea174897}\WINDOWS\SYSTEM32\MSIEXEC.EXE
2019-01-20 21:11:28,\VOLUME{01d4afbc17080c3d-ea174897}\WINDOWS\SYSTEM32\MSIEXEC.EXE
2019-01-20 02:47:53,\VOLUME{01d4afbc17080c3d-ea174897}\WINDOWS\SYSTEM32\MSIEXEC.EXE
2019-01-20 02:47:37,\VOLUME{01d4afbc17080c3d-ea174897}\WINDOWS\SYSTEM32\MSIEXEC.EXE
2019-01-20 02:47:05,\VOLUME{01d4afbc17080c3d-ea174897}\WINDOWS\SYSTEM32\MSIEXEC.EXE
2019-01-20 02:47:03,\VOLUME{01d4afbc17080c3d-ea174897}\WINDOWS\SYSTEM32\MSIEXEC.EXE
2019-01-20 02:37:28,\VOLUME{01d4afbc17080c3d-ea174897}\WINDOWS\SYSTEM32\MSIEXEC.EXE
2019-01-20 02:37:25,\VOLUME{01d4afbc17080c3d-ea174897}\WINDOWS\SYSTEM32\MSIEXEC.EXE
2019-01-20 19:50:59,\VOLUME{01d4afbc17080c3d-ea174897}\WINDOWS\SYSTEM32\COMPATTELRUNNER.EXE
2019-01-20 02:53:35,\VOLUME{01d4afbc17080c3d-ea174897}\WINDOWS\SYSTEM32\COMPATTELRUNNER.EXE
2019-01-20 02:49:44,\VOLUME{01d4afbc17080c3d-ea174897}\WINDOWS\SYSTEM32\COMPATTELRUNNER.EXE
2019-01-20 02:45:02,\VOLUME{01d4afbc17080c3d-ea174897}\WINDOWS\SYSTEM32\COMPATTELRUNNER.EXE
2019-01-20 02:44:05,\VOLUME{01d4afbc17080c3d-ea174897}\WINDOWS\SYSTEM32\COMPATTELRUNNER.EXE
2019-01-21 18:12:57,\VOLUME{01d4afbc17080c3d-ea174897}\WINDOWS\SYSTEM32\MPSIGSTUB.EXE
2019-01-20 21:15:37,\VOLUME{01d4afbc17080c3d-ea174897}\WINDOWS\SYSTEM32\MPSIGSTUB.EXE
2019-01-20 21:11:30,\VOLUME{01d4afbc17080c3d-ea174897}\WINDOWS\SYSTEM32\MPSIGSTUB.EXE
2019-01-20 18:33:02,\VOLUME{01d4afbc17080c3d-ea174897}\WINDOWS\SYSTEM32\MPSIGSTUB.EXE
2019-01-20 03:55:16,\VOLUME{01d4afbc17080c3d-ea174897}\WINDOWS\SYSTEM32\MPSIGSTUB.EXE
2019-01-20 02:53:41,\VOLUME{01d4afbc17080c3d-ea174897}\WINDOWS\SYSTEM32\MPSIGSTUB.EXE
2019-01-20 02:53:22,\VOLUME{01d4afbc17080c3d-ea174897}\WINDOWS\SYSTEM32\MPSIGSTUB.EXE
2019-01-20 02:53:05,\VOLUME{01d4afbc17080c3d-ea174897}\WINDOWS\SYSTEM32\MPSIGSTUB.EXE
2019-01-20 21:17:38,\VOLUME{01d4afbc17080c3d-ea174897}\WINDOWS\SYSTEM32\DBXSVC.EXE
2019-01-21 19:49:32,\VOLUME{01d4afbc17080c3d-ea174897}\WINDOWS\SYSTEM32\SVCHOST.EXE
2019-01-21 16:59:46,\VOLUME{01d4afbc17080c3d-ea174897}\WINDOWS\SYSTEM32\SVCHOST.EXE
2019-01-21 05:33:06,\VOLUME{01d4afbc17080c3d-ea174897}\WINDOWS\SYSTEM32\SVCHOST.EXE
2019-01-21 05:00:15,\VOLUME{01d4afbc17080c3d-ea174897}\WINDOWS\SYSTEM32\SVCHOST.EXE
2019-01-20 21:22:40,\VOLUME{01d4afbc17080c3d-ea174897}\WINDOWS\SYSTEM32\SVCHOST.EXE
2019-01-20 18:28:59,\VOLUME{01d4afbc17080c3d-ea174897}\WINDOWS\SYSTEM32\SVCHOST.EXE
2019-01-20 21:11:29,\VOLUME{01d4afbc17080c3d-ea174897}\WINDOWS\SYSWOW64\REG.EXE
2019-01-20 02:53:04,\VOLUME{01d4afbc17080c3d-ea174897}\WINDOWS\SYSWOW64\REG.EXE
2019-01-20 02:53:04,\VOLUME{01d4afbc17080c3d-ea174897}\WINDOWS\SYSWOW64\REG.EXE
2019-01-20 02:53:04,\VOLUME{01d4afbc17080c3d-ea174897}\WINDOWS\SYSWOW64\REG.EXE
2019-01-20 02:53:04,\VOLUME{01d4afbc17080c3d-ea174897}\WINDOWS\SYSWOW64\REG.EXE
2019-01-20 02:53:04,\VOLUME{01d4afbc17080c3d-ea174897}\WINDOWS\SYSWOW64\REG.EXE
2019-01-20 21:13:26,\VOLUME{01d4afbc17080c3d-ea174897}\USERS\SROGERS\DOWNLOADS\DROPBOXINSTALLER.EXE
2019-01-21 19:13:20,\VOLUME{01d4afbc17080c3d-ea174897}\WINDOWS\SYSTEM32\BACKGROUNDTASKHOST.EXE
2019-01-20 21:09:30,\VOLUME{01d4afbc17080c3d-ea174897}\WINDOWS\SYSTEM32\BACKGROUNDTASKHOST.EXE
2019-01-20 20:51:21,\VOLUME{01d4afbc17080c3d-ea174897}\WINDOWS\SYSTEM32\BACKGROUNDTASKHOST.EXE
2019-01-20 03:50:36,\VOLUME{01d4afbc17080c3d-ea174897}\WINDOWS\SYSTEM32\BACKGROUNDTASKHOST.EXE
2019-01-20 02:48:40,\VOLUME{01d4afbc17080c3d-ea174897}\WINDOWS\SYSTEM32\BACKGROUNDTASKHOST.EXE
2019-01-20 02:52:34,\VOLUME{01d4afbc17080c3d-ea174897}\USERS\SROGERS\APPDATA\LOCAL\TEMP\4000_29158\SOFTWARE_REPORTER_TOOL.EXE
2019-01-20 02:52:34,\VOLUME{01d4afbc17080c3d-ea174897}\USERS\SROGERS\APPDATA\LOCAL\TEMP\4000_29158\SOFTWARE_REPORTER_TOOL.EXE
2019-01-20 02:52:33,\VOLUME{01d4afbc17080c3d-ea174897}\USERS\SROGERS\APPDATA\LOCAL\TEMP\4000_29158\SOFTWARE_REPORTER_TOOL.EXE
2019-01-20 02:52:33,\VOLUME{01d4afbc17080c3d-ea174897}\USERS\SROGERS\APPDATA\LOCAL\TEMP\4000_29158\SOFTWARE_REPORTER_TOOL.EXE
2019-01-20 03:45:29,\VOLUME{01d4afbc17080c3d-ea174897}\WINDOWS\SYSTEM32\SIHOST.EXE
2019-01-21 18:41:13,\VOLUME{01d4afbc17080c3d-ea174897}\WINDOWS\SYSTEM32\SVCHOST.EXE
2019-01-21 17:03:56,\VOLUME{01d4afbc17080c3d-ea174897}\WINDOWS\SYSTEM32\SVCHOST.EXE
2019-01-20 21:22:12,\VOLUME{01d4afbc17080c3d-ea174897}\WINDOWS\SYSTEM32\SVCHOST.EXE
2019-01-20 20:51:05,\VOLUME{01d4afbc17080c3d-ea174897}\WINDOWS\SYSTEM32\SVCHOST.EXE
2019-01-20 18:39:13,\VOLUME{01d4afbc17080c3d-ea174897}\WINDOWS\SYSTEM32\SVCHOST.EXE
2019-01-20 03:18:47,\VOLUME{01d4afbc17080c3d-ea174897}\WINDOWS\SYSTEM32\SVCHOST.EXE
2019-01-20 02:59:11,\VOLUME{01d4afbc17080c3d-ea174897}\WINDOWS\SYSTEM32\SVCHOST.EXE
2019-01-19 03:18:47,\VOLUME{01d4afbc17080c3d-ea174897}\WINDOWS\SYSTEM32\SVCHOST.EXE
2019-01-20 21:19:02,\VOLUME{01d4afbc17080c3d-ea174897}\WINDOWS\SYSTEM32\DLLHOST.EXE
2019-01-20 03:55:08,\VOLUME{01d4afbc17080c3d-ea174897}\PROGRAM FILES\WINDOWS DEFENDER\MSMPENG.EXE
2019-01-21 19:49:38,\VOLUME{01d4afbc17080c3d-ea174897}\WINDOWS\SYSTEM32\SVCHOST.EXE
2019-01-21 18:12:53,\VOLUME{01d4afbc17080c3d-ea174897}\WINDOWS\SYSTEM32\SVCHOST.EXE
2019-01-21 16:57:45,\VOLUME{01d4afbc17080c3d-ea174897}\WINDOWS\SYSTEM32\SVCHOST.EXE
2019-01-20 21:26:07,\VOLUME{01d4afbc17080c3d-ea174897}\WINDOWS\SYSTEM32\SVCHOST.EXE
2019-01-20 21:22:15,\VOLUME{01d4afbc17080c3d-ea174897}\WINDOWS\SYSTEM32\SVCHOST.EXE
2019-01-20 21:13:29,\VOLUME{01d4afbc17080c3d-ea174897}\WINDOWS\SYSTEM32\SVCHOST.EXE
2019-01-20 20:51:13,\VOLUME{01d4afbc17080c3d-ea174897}\WINDOWS\SYSTEM32\SVCHOST.EXE
2019-01-20 19:45:53,\VOLUME{01d4afbc17080c3d-ea174897}\WINDOWS\SYSTEM32\SVCHOST.EXE
2019-01-20 02:44:09,\VOLUME{01d4afbc17080c3d-ea174897}\PROGRAM FILES (X86)\GUMAC1D.TMP\GOOGLEUPDATE.EXE
2019-01-20 18:33:02,AM_DELTA_PATCH_1.283.3333.0.E
2019-01-20 21:18:05,\VOLUME{01d4afbc17080c3d-ea174897}\WINDOWS\SYSTEMAPPS\MICROSOFT.WINDOWS.CORTANA_CW5N1H2TXYEWY\SEARCHUI.EXE
2019-01-20 21:12:22,\VOLUME{01d4afbc17080c3d-ea174897}\WINDOWS\SYSTEMAPPS\MICROSOFT.WINDOWS.CORTANA_CW5N1H2TXYEWY\SEARCHUI.EXE
2019-01-20 21:09:29,\VOLUME{01d4afbc17080c3d-ea174897}\WINDOWS\SYSTEMAPPS\MICROSOFT.WINDOWS.CORTANA_CW5N1H2TXYEWY\SEARCHUI.EXE
2019-01-20 20:51:15,\VOLUME{01d4afbc17080c3d-ea174897}\WINDOWS\SYSTEMAPPS\MICROSOFT.WINDOWS.CORTANA_CW5N1H2TXYEWY\SEARCHUI.EXE
2019-01-20 03:50:34,\VOLUME{01d4afbc17080c3d-ea174897}\WINDOWS\SYSTEMAPPS\MICROSOFT.WINDOWS.CORTANA_CW5N1H2TXYEWY\SEARCHUI.EXE
2019-01-20 19:45:53,\VOLUME{01d4afbc17080c3d-ea174897}\WINDOWS\SYSTEM32\SMSS.EXE
2019-01-20 03:07:21,\VOLUME{01d4afbc17080c3d-ea174897}\WINDOWS\SYSTEM32\SMSS.EXE
2019-01-19 03:12:54,\VOLUME{01d4afbc17080c3d-ea174897}\WINDOWS\SYSTEM32\SMSS.EXE
2019-01-20 21:14:13,\VOLUME{01d4afbc17080c3d-ea174897}\WINDOWS\SYSTEM32\SVCHOST.EXE
2019-01-20 21:10:13,\VOLUME{01d4afbc17080c3d-ea174897}\WINDOWS\SYSTEM32\SVCHOST.EXE
2019-01-20 03:51:38,\VOLUME{01d4afbc17080c3d-ea174897}\WINDOWS\SYSTEM32\SVCHOST.EXE
2019-01-20 02:37:33,\VOLUME{01d4afbc17080c3d-ea174897}\WINDOWS\SYSTEM32\SVCHOST.EXE
2019-01-21 19:49:47,\VOLUME{01d4afbc17080c3d-ea174897}\WINDOWS\SYSTEM32\CONHOST.EXE
2019-01-21 19:37:43,\VOLUME{01d4afbc17080c3d-ea174897}\WINDOWS\SYSTEM32\CONHOST.EXE
2019-01-21 19:23:05,\VOLUME{01d4afbc17080c3d-ea174897}\WINDOWS\SYSTEM32\CONHOST.EXE
2019-01-21 19:07:26,\VOLUME{01d4afbc17080c3d-ea174897}\WINDOWS\SYSTEM32\CONHOST.EXE
2019-01-21 18:51:32,\VOLUME{01d4afbc17080c3d-ea174897}\WINDOWS\SYSTEM32\CONHOST.EXE
2019-01-21 18:41:07,\VOLUME{01d4afbc17080c3d-ea174897}\WINDOWS\SYSTEM32\CONHOST.EXE
2019-01-21 18:12:50,\VOLUME{01d4afbc17080c3d-ea174897}\WINDOWS\SYSTEM32\CONHOST.EXE
2019-01-21 17:56:08,\VOLUME{01d4afbc17080c3d-ea174897}\WINDOWS\SYSTEM32\CONHOST.EXE
2019-01-20 21:13:20,\VOLUME{01d4afbc17080c3d-ea174897}\PROGRAMDATA\MICROSOFT\WINDOWS DEFENDER\PLATFORM\4.18.1812.3-0\NISSRV.EXE
2019-01-20 03:55:16,\VOLUME{01d4afbc17080c3d-ea174897}\PROGRAMDATA\MICROSOFT\WINDOWS DEFENDER\PLATFORM\4.18.1812.3-0\NISSRV.EXE
2019-01-20 21:12:35,\VOLUME{01d4afbc17080c3d-ea174897}\PROGRAM FILES\VMWARE\VMWARE TOOLS\VMTOOLSD.EXE
2019-01-20 21:09:42,\VOLUME{01d4afbc17080c3d-ea174897}\PROGRAM FILES\VMWARE\VMWARE TOOLS\VMTOOLSD.EXE
2019-01-20 20:51:28,\VOLUME{01d4afbc17080c3d-ea174897}\PROGRAM FILES\VMWARE\VMWARE TOOLS\VMTOOLSD.EXE
2019-01-20 03:50:47,\VOLUME{01d4afbc17080c3d-ea174897}\PROGRAM FILES\VMWARE\VMWARE TOOLS\VMTOOLSD.EXE
2019-01-20 02:37:52,\VOLUME{01d4afbc17080c3d-ea174897}\PROGRAM FILES\VMWARE\VMWARE TOOLS\VMTOOLSD.EXE
2019-01-20 02:37:52,\VOLUME{01d4afbc17080c3d-ea174897}\PROGRAM FILES\VMWARE\VMWARE TOOLS\VMTOOLSD.EXE
2019-01-21 05:32:54,\VOLUME{01d4afbc17080c3d-ea174897}\WINDOWS\SYSTEM32\RUNDLL32.EXE
2019-01-20 02:37:02,\VOLUME{01d4afbc17080c3d-ea174897}\WINDOWS\SYSTEM32\SVCHOST.EXE
2019-01-19 03:07:06,\VOLUME{01d4afbc17080c3d-ea174897}\WINDOWS\SYSTEM32\SVCHOST.EXE
2019-01-21 18:41:12,\VOLUME{01d4afbc17080c3d-ea174897}\WINDOWS\SYSTEM32\SVCHOST.EXE
2019-01-21 16:56:07,\VOLUME{01d4afbc17080c3d-ea174897}\WINDOWS\SYSTEM32\SVCHOST.EXE
2019-01-21 00:43:11,\VOLUME{01d4afbc17080c3d-ea174897}\WINDOWS\SYSTEM32\SVCHOST.EXE
2019-01-20 20:51:03,\VOLUME{01d4afbc17080c3d-ea174897}\WINDOWS\SYSTEM32\SVCHOST.EXE
2019-01-20 21:17:39,\VOLUME{01d4afbc17080c3d-ea174897}\WINDOWS\SYSWOW64\WINDOWSPOWERSHELL\V1.0\POWERSHELL.EXE
2019-01-21 19:49:46,\VOLUME{01d4afbc17080c3d-ea174897}\WINDOWS\SYSTEM32\CONSENT.EXE
2019-01-21 16:57:42,\VOLUME{01d4afbc17080c3d-ea174897}\WINDOWS\SYSTEM32\CONSENT.EXE
2019-01-20 21:26:05,\VOLUME{01d4afbc17080c3d-ea174897}\WINDOWS\SYSTEM32\CONSENT.EXE
2019-01-20 21:13:27,\VOLUME{01d4afbc17080c3d-ea174897}\WINDOWS\SYSTEM32\CONSENT.EXE
2019-01-20 21:11:19,\VOLUME{01d4afbc17080c3d-ea174897}\WINDOWS\SYSTEM32\CONSENT.EXE
2019-01-20 21:09:46,\VOLUME{01d4afbc17080c3d-ea174897}\WINDOWS\SYSTEM32\CONSENT.EXE
2019-01-20 02:47:16,\VOLUME{01d4afbc17080c3d-ea174897}\WINDOWS\SYSTEM32\CONSENT.EXE
2019-01-20 02:44:09,\VOLUME{01d4afbc17080c3d-ea174897}\WINDOWS\SYSTEM32\CONSENT.EXE
2019-01-20 02:43:58,\VOLUME{01d4afbc17080c3d-ea174897}\USERS\SROGERS\APPDATA\LOCAL\TEMP\GUM8309.TMP\GOOGLEUPDATE.EXE
2019-01-20 21:17:44,\VOLUME{01d4afbc17080c3d-ea174897}\WINDOWS\SYSTEM32\WINDOWSPOWERSHELL\V1.0\POWERSHELL.EXE
2019-01-20 19:45:53,\VOLUME{01d4afbc17080c3d-ea174897}\WINDOWS\SYSTEM32\WINLOGON.EXE
2019-01-20 03:07:21,\VOLUME{01d4afbc17080c3d-ea174897}\WINDOWS\SYSTEM32\WINLOGON.EXE
2019-01-19 03:12:54,\VOLUME{01d4afbc17080c3d-ea174897}\WINDOWS\SYSTEM32\WINLOGON.EXE
2019-01-21 19:13:14,\VOLUME{01d4afbc17080c3d-ea174897}\WINDOWS\SYSTEM32\BACKGROUNDTASKHOST.EXE
2019-01-20 21:10:05,\VOLUME{01d4afbc17080c3d-ea174897}\WINDOWS\SYSTEM32\BACKGROUNDTASKHOST.EXE
2019-01-21 19:37:43,\VOLUME{01d4afbc17080c3d-ea174897}\WINDOWS\MICROSOFT.NET\FRAMEWORK64\V4.0.30319\NGEN.EXE
2019-01-21 19:23:05,\VOLUME{01d4afbc17080c3d-ea174897}\WINDOWS\MICROSOFT.NET\FRAMEWORK64\V4.0.30319\NGEN.EXE
2019-01-21 19:07:26,\VOLUME{01d4afbc17080c3d-ea174897}\WINDOWS\MICROSOFT.NET\FRAMEWORK64\V4.0.30319\NGEN.EXE
2019-01-21 18:51:32,\VOLUME{01d4afbc17080c3d-ea174897}\WINDOWS\MICROSOFT.NET\FRAMEWORK64\V4.0.30319\NGEN.EXE
2019-01-21 17:56:08,\VOLUME{01d4afbc17080c3d-ea174897}\WINDOWS\MICROSOFT.NET\FRAMEWORK64\V4.0.30319\NGEN.EXE
2019-01-21 17:42:50,\VOLUME{01d4afbc17080c3d-ea174897}\WINDOWS\MICROSOFT.NET\FRAMEWORK64\V4.0.30319\NGEN.EXE
2019-01-21 17:04:24,\VOLUME{01d4afbc17080c3d-ea174897}\WINDOWS\MICROSOFT.NET\FRAMEWORK64\V4.0.30319\NGEN.EXE
2019-01-20 19:55:07,\VOLUME{01d4afbc17080c3d-ea174897}\WINDOWS\MICROSOFT.NET\FRAMEWORK64\V4.0.30319\NGEN.EXE
2019-01-21 19:48:45,\VOLUME{01d4afbc17080c3d-ea174897}\WINDOWS\SYSTEM32\DLLHOST.EXE
2019-01-20 21:14:13,\VOLUME{01d4afbc17080c3d-ea174897}\WINDOWS\SYSTEM32\DLLHOST.EXE
2019-01-20 21:10:13,\VOLUME{01d4afbc17080c3d-ea174897}\WINDOWS\SYSTEM32\DLLHOST.EXE
2019-01-20 03:51:39,\VOLUME{01d4afbc17080c3d-ea174897}\WINDOWS\SYSTEM32\DLLHOST.EXE
2019-01-20 02:37:33,\VOLUME{01d4afbc17080c3d-ea174897}\WINDOWS\SYSTEM32\DLLHOST.EXE
2019-01-20 02:37:37,\VOLUME{01d4afbc17080c3d-ea174897}\WINDOWS\SYSTEM32\PRINTUI.EXE
2019-01-20 02:37:35,\VOLUME{01d4afbc17080c3d-ea174897}\WINDOWS\SYSTEM32\PRINTUI.EXE
2019-01-21 18:56:51,\VOLUME{01d4afbc17080c3d-ea174897}\WINDOWS\SYSTEM32\SVCHOST.EXE
2019-01-20 03:07:23,\VOLUME{01d4afbc17080c3d-ea174897}\WINDOWS\SYSTEM32\SVCHOST.EXE
2019-01-20 21:11:29,\VOLUME{01d4afbc17080c3d-ea174897}\WINDOWS\SYSTEM32\UI0DETECT.EXE
2019-01-20 21:11:29,\VOLUME{01d4afbc17080c3d-ea174897}\WINDOWS\SYSTEM32\UI0DETECT.EXE
2019-01-20 21:11:29,\VOLUME{01d4afbc17080c3d-ea174897}\WINDOWS\SYSTEM32\UI0DETECT.EXE
2019-01-20 21:11:29,\VOLUME{01d4afbc17080c3d-ea174897}\WINDOWS\SYSTEM32\UI0DETECT.EXE
2019-01-20 21:11:29,\VOLUME{01d4afbc17080c3d-ea174897}\WINDOWS\SYSTEM32\UI0DETECT.EXE
2019-01-20 21:17:36,\VOLUME{01d4afbc17080c3d-ea174897}\WINDOWS\SYSTEM32\REGSVR32.EXE
2019-01-20 21:17:36,\VOLUME{01d4afbc17080c3d-ea174897}\WINDOWS\SYSTEM32\REGSVR32.EXE
2019-01-20 21:11:10,\VOLUME{01d4afbc17080c3d-ea174897}\WINDOWS\SYSTEM32\SPEECH_ONECORE\COMMON\SPEECHRUNTIME.EXE
2019-01-20 03:45:29,\VOLUME{01d4afbc17080c3d-ea174897}\WINDOWS\SYSTEM32\SVCHOST.EXE
2019-01-20 18:25:12,\VOLUME{01d4afbc17080c3d-ea174897}\WINDOWS\SYSTEM32\SVCHOST.EXE
2019-01-20 02:37:07,\VOLUME{01d4afbc17080c3d-ea174897}\WINDOWS\SYSTEM32\SVCHOST.EXE
2019-01-19 03:21:45,SETUP64.EXE
2019-01-20 21:13:27,\VOLUME{01d4afbc17080c3d-ea174897}\WINDOWS\SYSTEM32\SVCHOST.EXE
2019-01-20 21:09:46,\VOLUME{01d4afbc17080c3d-ea174897}\WINDOWS\SYSTEM32\SVCHOST.EXE
2019-01-21 19:14:44,\VOLUME{01d4afbc17080c3d-ea174897}\WINDOWS\SYSTEM32\SVCHOST.EXE
2019-01-21 05:26:30,\VOLUME{01d4afbc17080c3d-ea174897}\WINDOWS\SYSTEM32\SVCHOST.EXE
2019-01-21 05:21:31,\VOLUME{01d4afbc17080c3d-ea174897}\WINDOWS\SYSTEM32\SVCHOST.EXE
2019-01-21 05:04:59,\VOLUME{01d4afbc17080c3d-ea174897}\WINDOWS\SYSTEM32\SVCHOST.EXE
2019-01-20 03:07:20,\VOLUME{01d4afbc17080c3d-ea174897}\WINDOWS\SYSTEM32\SVCHOST.EXE
2019-01-20 03:01:54,\VOLUME{01d4afbc17080c3d-ea174897}\WINDOWS\SYSTEM32\SVCHOST.EXE
2019-01-21 19:15:47,\VOLUME{01d4afbc17080c3d-ea174897}\PROGRAM FILES\LIBREOFFICE\PROGRAM\SIMPRESS.EXE
2019-01-21 05:07:00,\VOLUME{01d4afbc17080c3d-ea174897}\PROGRAM FILES\LIBREOFFICE\PROGRAM\SIMPRESS.EXE
2019-01-21 05:04:09,\VOLUME{01d4afbc17080c3d-ea174897}\PROGRAM FILES\LIBREOFFICE\PROGRAM\SIMPRESS.EXE
2019-01-21 05:00:45,\VOLUME{01d4afbc17080c3d-ea174897}\PROGRAM FILES\LIBREOFFICE\PROGRAM\SIMPRESS.EXE
2019-01-21 18:22:16,\VOLUME{01d4afbc17080c3d-ea174897}\WINDOWS\SYSTEM32\SVCHOST.EXE
2019-01-21 17:42:50,\VOLUME{01d4afbc17080c3d-ea174897}\WINDOWS\SYSTEM32\SVCHOST.EXE
2019-01-19 03:21:46,\VOLUME{01d4afbc17080c3d-ea174897}\USERS\SROGERS\APPDATA\LOCAL\TEMP\{43D9111A-EA02-4682-BF3C-EFDCB62A89B0}~SETUP\VCREDIST_X86.EXE
2019-01-20 19:58:05,\VOLUME{01d4afbc17080c3d-ea174897}\WINDOWS\SYSTEM32\WINSAT.EXE
2019-01-21 19:49:34,\VOLUME{01d4afbc17080c3d-ea174897}\WINDOWS\SYSTEM32\SPPSVC.EXE
2019-01-21 18:41:11,\VOLUME{01d4afbc17080c3d-ea174897}\WINDOWS\SYSTEM32\SPPSVC.EXE
2019-01-21 16:56:05,\VOLUME{01d4afbc17080c3d-ea174897}\WINDOWS\SYSTEM32\SPPSVC.EXE
2019-01-21 00:43:10,\VOLUME{01d4afbc17080c3d-ea174897}\WINDOWS\SYSTEM32\SPPSVC.EXE
2019-01-20 21:14:13,\VOLUME{01d4afbc17080c3d-ea174897}\WINDOWS\SYSTEM32\SPPSVC.EXE
2019-01-20 21:11:14,\VOLUME{01d4afbc17080c3d-ea174897}\WINDOWS\SYSTEM32\SPPSVC.EXE
2019-01-20 20:51:04,\VOLUME{01d4afbc17080c3d-ea174897}\WINDOWS\SYSTEM32\SPPSVC.EXE
2019-01-20 18:25:03,\VOLUME{01d4afbc17080c3d-ea174897}\WINDOWS\SYSTEM32\SPPSVC.EXE
2019-01-21 19:49:32,\VOLUME{01d4afbc17080c3d-ea174897}\WINDOWS\SYSTEM32\DRVINST.EXE
2019-01-21 05:00:15,\VOLUME{01d4afbc17080c3d-ea174897}\WINDOWS\SYSTEM32\DRVINST.EXE
2019-01-20 02:37:44,\VOLUME{01d4afbc17080c3d-ea174897}\WINDOWS\SYSTEM32\DRVINST.EXE
2019-01-20 02:37:43,\VOLUME{01d4afbc17080c3d-ea174897}\WINDOWS\SYSTEM32\DRVINST.EXE
2019-01-20 02:37:42,\VOLUME{01d4afbc17080c3d-ea174897}\WINDOWS\SYSTEM32\DRVINST.EXE
2019-01-20 02:37:41,\VOLUME{01d4afbc17080c3d-ea174897}\WINDOWS\SYSTEM32\DRVINST.EXE
2019-01-20 02:37:40,\VOLUME{01d4afbc17080c3d-ea174897}\WINDOWS\SYSTEM32\DRVINST.EXE
2019-01-20 02:37:40,\VOLUME{01d4afbc17080c3d-ea174897}\WINDOWS\SYSTEM32\DRVINST.EXE
2019-01-21 05:10:49,\VOLUME{01d4afbc17080c3d-ea174897}\USERS\SROGERS\DESKTOP\TOR BROWSER\BROWSER\TORBROWSER\TOR\TOR.EXE
2019-01-20 03:07:21,\VOLUME{01d4afbc17080c3d-ea174897}\WINDOWS\SYSTEM32\CSRSS.EXE
2019-01-19 03:12:54,\VOLUME{01d4afbc17080c3d-ea174897}\WINDOWS\SYSTEM32\CSRSS.EXE
2019-01-21 19:13:18,\VOLUME{01d4afbc17080c3d-ea174897}\WINDOWS\SYSTEM32\RUNDLL32.EXE
2019-01-21 19:16:10,\VOLUME{01d4afbc17080c3d-ea174897}\PROGRAM FILES\LIBREOFFICE\PROGRAM\SOFFICE.EXE
2019-01-21 19:15:47,\VOLUME{01d4afbc17080c3d-ea174897}\PROGRAM FILES\LIBREOFFICE\PROGRAM\SOFFICE.EXE
2019-01-21 05:07:00,\VOLUME{01d4afbc17080c3d-ea174897}\PROGRAM FILES\LIBREOFFICE\PROGRAM\SOFFICE.EXE
2019-01-21 05:06:24,\VOLUME{01d4afbc17080c3d-ea174897}\PROGRAM FILES\LIBREOFFICE\PROGRAM\SOFFICE.EXE
2019-01-21 05:05:04,\VOLUME{01d4afbc17080c3d-ea174897}\PROGRAM FILES\LIBREOFFICE\PROGRAM\SOFFICE.EXE
2019-01-21 05:04:09,\VOLUME{01d4afbc17080c3d-ea174897}\PROGRAM FILES\LIBREOFFICE\PROGRAM\SOFFICE.EXE
2019-01-21 05:00:45,\VOLUME{01d4afbc17080c3d-ea174897}\PROGRAM FILES\LIBREOFFICE\PROGRAM\SOFFICE.EXE
2019-01-20 03:06:21,\VOLUME{01d4afbc17080c3d-ea174897}\PROGRAM FILES\LIBREOFFICE\PROGRAM\SOFFICE.EXE
2019-01-20 21:11:34,\VOLUME{01d4afbc17080c3d-ea174897}\WINDOWS\SYSWOW64\DLLHOST.EXE
2019-01-20 21:11:34,\VOLUME{01d4afbc17080c3d-ea174897}\WINDOWS\SYSWOW64\DLLHOST.EXE
2019-01-20 21:14:13,\VOLUME{01d4afbc17080c3d-ea174897}\PROGRAM FILES\REMPL\SEDSVC.EXE
2019-01-20 21:10:14,\VOLUME{01d4afbc17080c3d-ea174897}\PROGRAM FILES\REMPL\SEDSVC.EXE
2019-01-20 03:51:39,\VOLUME{01d4afbc17080c3d-ea174897}\PROGRAM FILES\REMPL\SEDSVC.EXE
2019-01-20 02:53:03,\VOLUME{01d4afbc17080c3d-ea174897}\PROGRAM FILES\REMPL\SEDSVC.EXE
2019-01-20 21:25:29,\VOLUME{01d4afbc17080c3d-ea174897}\WINDOWS\SYSTEM32\SVCHOST.EXE
2019-01-20 21:09:56,\VOLUME{01d4afbc17080c3d-ea174897}\WINDOWS\SYSTEM32\SVCHOST.EXE
2019-01-21 16:57:45,\VOLUME{01d4afbc17080c3d-ea174897}\USERS\SROGERS\DOCUMENTS\USB BACKUP\PRIVACY-ERASER-SETUP.EXE
2019-01-21 16:57:41,\VOLUME{01d4afbc17080c3d-ea174897}\USERS\SROGERS\DOCUMENTS\USB BACKUP\PRIVACY-ERASER-SETUP.EXE
2019-01-20 21:11:34,\VOLUME{01d4afbc17080c3d-ea174897}\WINDOWS\SYSTEM32\CTFMON.EXE
2019-01-20 20:51:40,\VOLUME{01d4afbc17080c3d-ea174897}\WINDOWS\SYSTEM32\CTFMON.EXE
2019-01-20 19:45:52,\VOLUME{01d4afbc17080c3d-ea174897}\WINDOWS\SYSTEM32\CTFMON.EXE
2019-01-20 03:45:39,\VOLUME{01d4afbc17080c3d-ea174897}\WINDOWS\SYSTEM32\CTFMON.EXE
2019-01-20 03:07:19,\VOLUME{01d4afbc17080c3d-ea174897}\WINDOWS\SYSTEM32\CTFMON.EXE
2019-01-21 19:49:23,\VOLUME{01d4afbc17080c3d-ea174897}\WINDOWS\SYSTEM32\SVCHOST.EXE
2019-01-21 19:37:43,\VOLUME{01d4afbc17080c3d-ea174897}\WINDOWS\SYSTEM32\TASKHOSTW.EXE
2019-01-21 19:23:05,\VOLUME{01d4afbc17080c3d-ea174897}\WINDOWS\SYSTEM32\TASKHOSTW.EXE
2019-01-21 19:12:19,\VOLUME{01d4afbc17080c3d-ea174897}\WINDOWS\SYSTEM32\TASKHOSTW.EXE
2019-01-21 19:07:26,\VOLUME{01d4afbc17080c3d-ea174897}\WINDOWS\SYSTEM32\TASKHOSTW.EXE
2019-01-21 18:56:51,\VOLUME{01d4afbc17080c3d-ea174897}\WINDOWS\SYSTEM32\TASKHOSTW.EXE
2019-01-21 18:51:32,\VOLUME{01d4afbc17080c3d-ea174897}\WINDOWS\SYSTEM32\TASKHOSTW.EXE
2019-01-21 18:41:11,\VOLUME{01d4afbc17080c3d-ea174897}\WINDOWS\SYSTEM32\TASKHOSTW.EXE
2019-01-21 18:22:15,\VOLUME{01d4afbc17080c3d-ea174897}\WINDOWS\SYSTEM32\TASKHOSTW.EXE
2019-01-21 05:33:08,\VOLUME{01d4afbc17080c3d-ea174897}\WINDOWS\SYSTEM32\RUNTIMEBROKER.EXE
2019-01-21 05:21:38,\VOLUME{01d4afbc17080c3d-ea174897}\WINDOWS\SYSTEM32\RUNTIMEBROKER.EXE
2019-01-21 05:18:36,\VOLUME{01d4afbc17080c3d-ea174897}\WINDOWS\SYSTEM32\RUNTIMEBROKER.EXE
2019-01-20 21:17:50,\VOLUME{01d4afbc17080c3d-ea174897}\USERS\SROGERS\APPDATA\LOCAL\TEMP\FCD899D9-E6C0-4983-848D-58F63FC3A75A\DISMHOST.EXE
2019-01-20 21:14:14,\VOLUME{01d4afbc17080c3d-ea174897}\WINDOWS\SYSTEM32\SVCHOST.EXE
2019-01-20 03:51:39,\VOLUME{01d4afbc17080c3d-ea174897}\WINDOWS\SYSTEM32\SVCHOST.EXE
2019-01-19 03:08:53,\VOLUME{01d4afbc17080c3d-ea174897}\WINDOWS\SYSTEM32\SVCHOST.EXE
2019-01-21 05:21:16,\VOLUME{01d4afbc17080c3d-ea174897}\WINDOWS\SYSTEM32\SVCHOST.EXE
2019-01-21 05:33:07,\VOLUME{01d4afbc17080c3d-ea174897}\WINDOWS\SYSTEMAPPS\MICROSOFT.MICROSOFTEDGE_8WEKYB3D8BBWE\MICROSOFTEDGE.EXE
2019-01-21 05:21:37,\VOLUME{01d4afbc17080c3d-ea174897}\WINDOWS\SYSTEMAPPS\MICROSOFT.MICROSOFTEDGE_8WEKYB3D8BBWE\MICROSOFTEDGE.EXE
2019-01-21 05:20:19,\VOLUME{01d4afbc17080c3d-ea174897}\WINDOWS\SYSTEMAPPS\MICROSOFT.MICROSOFTEDGE_8WEKYB3D8BBWE\MICROSOFTEDGE.EXE
2019-01-21 05:18:35,\VOLUME{01d4afbc17080c3d-ea174897}\WINDOWS\SYSTEMAPPS\MICROSOFT.MICROSOFTEDGE_8WEKYB3D8BBWE\MICROSOFTEDGE.EXE
2019-01-21 05:14:59,\VOLUME{01d4afbc17080c3d-ea174897}\WINDOWS\SYSTEMAPPS\MICROSOFT.MICROSOFTEDGE_8WEKYB3D8BBWE\MICROSOFTEDGE.EXE
2019-01-20 21:25:29,\VOLUME{01d4afbc17080c3d-ea174897}\WINDOWS\SYSTEMAPPS\MICROSOFT.MICROSOFTEDGE_8WEKYB3D8BBWE\MICROSOFTEDGE.EXE
2019-01-20 21:22:41,\VOLUME{01d4afbc17080c3d-ea174897}\WINDOWS\SYSTEM32\SVCHOST.EXE
2019-01-20 03:46:15,\VOLUME{01d4afbc17080c3d-ea174897}\WINDOWS\SYSTEM32\SVCHOST.EXE
2019-01-20 02:59:48,\VOLUME{01d4afbc17080c3d-ea174897}\WINDOWS\SYSTEM32\SVCHOST.EXE
2019-01-20 02:51:49,\VOLUME{01d4afbc17080c3d-ea174897}\WINDOWS\SYSTEM32\SVCHOST.EXE
2019-01-19 03:12:54,\VOLUME{01d4afbc17080c3d-ea174897}\WINDOWS\SYSTEM32\OOBE\FIRSTLOGONANIM.EXE
2019-01-20 18:32:39,\VOLUME{01d4afbc17080c3d-ea174897}\PROGRAM FILES (X86)\GOOGLE\CHROME\APPLICATION\CHROME.EXE
2019-01-20 03:06:41,\VOLUME{01d4afbc17080c3d-ea174897}\PROGRAM FILES (X86)\GOOGLE\CHROME\APPLICATION\CHROME.EXE
2019-01-20 02:44:32,\VOLUME{01d4afbc17080c3d-ea174897}\PROGRAM FILES (X86)\GOOGLE\CHROME\APPLICATION\CHROME.EXE
2019-01-21 19:49:43,\VOLUME{01d4afbc17080c3d-ea174897}\WINDOWS\SYSTEM32\SVCHOST.EXE
2019-01-21 17:04:24,\VOLUME{01d4afbc17080c3d-ea174897}\WINDOWS\SYSTEM32\SVCHOST.EXE
2019-01-20 21:13:42,\VOLUME{01d4afbc17080c3d-ea174897}\WINDOWS\SYSTEM32\SVCHOST.EXE
2019-01-20 21:11:04,\VOLUME{01d4afbc17080c3d-ea174897}\WINDOWS\SYSTEM32\SVCHOST.EXE
2019-01-20 19:45:45,\VOLUME{01d4afbc17080c3d-ea174897}\WINDOWS\SYSTEM32\SVCHOST.EXE
2019-01-20 18:38:40,\VOLUME{01d4afbc17080c3d-ea174897}\WINDOWS\SYSTEM32\SVCHOST.EXE
2019-01-20 18:28:59,\VOLUME{01d4afbc17080c3d-ea174897}\WINDOWS\SYSTEM32\SVCHOST.EXE
2019-01-20 03:51:20,\VOLUME{01d4afbc17080c3d-ea174897}\WINDOWS\SYSTEM32\SVCHOST.EXE
2019-01-20 03:07:21,\VOLUME{01d4afbc17080c3d-ea174897}\WINDOWS\SYSTEM32\DWM.EXE
2019-01-19 03:12:54,\VOLUME{01d4afbc17080c3d-ea174897}\WINDOWS\SYSTEM32\DWM.EXE
2019-01-20 18:32:54,\VOLUME{01d4afbc17080c3d-ea174897}\PROGRAM FILES (X86)\GOOGLE\CHROME\APPLICATION\CHROME.EXE
2019-01-20 18:32:39,\VOLUME{01d4afbc17080c3d-ea174897}\PROGRAM FILES (X86)\GOOGLE\CHROME\APPLICATION\CHROME.EXE
2019-01-20 03:06:41,\VOLUME{01d4afbc17080c3d-ea174897}\PROGRAM FILES (X86)\GOOGLE\CHROME\APPLICATION\CHROME.EXE
2019-01-20 02:44:47,\VOLUME{01d4afbc17080c3d-ea174897}\PROGRAM FILES (X86)\GOOGLE\CHROME\APPLICATION\CHROME.EXE
2019-01-20 02:44:32,\VOLUME{01d4afbc17080c3d-ea174897}\PROGRAM FILES (X86)\GOOGLE\CHROME\APPLICATION\CHROME.EXE
2019-01-20 21:25:08,\VOLUME{01d4afbc17080c3d-ea174897}\WINDOWS\SYSTEM32\RUNDLL32.EXE
2019-01-20 21:13:18,\VOLUME{01d4afbc17080c3d-ea174897}\WINDOWS\SYSTEM32\RUNDLL32.EXE
2019-01-20 18:31:37,\VOLUME{01d4afbc17080c3d-ea174897}\WINDOWS\SYSTEM32\RUNDLL32.EXE
2019-01-20 03:05:33,\VOLUME{01d4afbc17080c3d-ea174897}\WINDOWS\SYSTEM32\RUNDLL32.EXE
2019-01-20 21:17:36,\VOLUME{01d4afbc17080c3d-ea174897}\WINDOWS\SYSWOW64\REGSVR32.EXE
2019-01-20 21:17:36,\VOLUME{01d4afbc17080c3d-ea174897}\WINDOWS\SYSWOW64\REGSVR32.EXE
2019-01-20 21:17:36,\VOLUME{01d4afbc17080c3d-ea174897}\WINDOWS\SYSWOW64\REGSVR32.EXE
2019-01-20 21:17:36,\VOLUME{01d4afbc17080c3d-ea174897}\WINDOWS\SYSWOW64\REGSVR32.EXE
2019-01-21 18:12:57,\VOLUME{01d4afbc17080c3d-ea174897}\WINDOWS\SOFTWAREDISTRIBUTION\DOWNLOAD\INSTALL\AM_DELTA.EXE
2019-01-20 21:15:37,\VOLUME{01d4afbc17080c3d-ea174897}\WINDOWS\SOFTWAREDISTRIBUTION\DOWNLOAD\INSTALL\AM_DELTA.EXE
2019-01-20 21:09:29,\VOLUME{01d4afbc17080c3d-ea174897}\WINDOWS\SYSTEM32\SVCHOST.EXE
2019-01-20 03:55:09,\VOLUME{01d4afbc17080c3d-ea174897}\PROGRAM FILES\WINDOWS DEFENDER\MPCMDRUN.EXE
2019-01-20 03:55:11,\VOLUME{01d4afbc17080c3d-ea174897}\PROGRAM FILES\WINDOWS DEFENDER\MPCMDRUN.EXE
2019-01-20 03:55:06,\VOLUME{01d4afbc17080c3d-ea174897}\PROGRAM FILES\WINDOWS DEFENDER\MPCMDRUN.EXE
2019-01-20 21:26:05,\VOLUME{01d4afbc17080c3d-ea174897}\USERS\SROGERS\APPDATA\LOCAL\TEMP\7ZSCA0D545C\INSTALLER.EXE
2019-01-20 02:55:57,\VOLUME{01d4afbc17080c3d-ea174897}\WINDOWS\WINSXS\AMD64_MICROSOFT-WINDOWS-SERVICINGSTACK_31BF3856AD364E35_10.0.16299.15_NONE_2C4B8D3B386EED8E\TIWORKER.EXE
2019-01-20 02:47:54,\VOLUME{01d4afbc17080c3d-ea174897}\WINDOWS\WINSXS\AMD64_MICROSOFT-WINDOWS-SERVICINGSTACK_31BF3856AD364E35_10.0.16299.15_NONE_2C4B8D3B386EED8E\TIWORKER.EXE
2019-01-19 03:11:17,\VOLUME{01d4afbc17080c3d-ea174897}\WINDOWS\WINSXS\AMD64_MICROSOFT-WINDOWS-SERVICINGSTACK_31BF3856AD364E35_10.0.16299.15_NONE_2C4B8D3B386EED8E\TIWORKER.EXE
2019-01-19 03:09:00,\VOLUME{01d4afbc17080c3d-ea174897}\WINDOWS\WINSXS\AMD64_MICROSOFT-WINDOWS-SERVICINGSTACK_31BF3856AD364E35_10.0.16299.15_NONE_2C4B8D3B386EED8E\TIWORKER.EXE
2019-01-21 19:14:43,\VOLUME{01d4afbc17080c3d-ea174897}\WINDOWS\SYSTEM32\RUNTIMEBROKER.EXE
2019-01-21 05:04:52,\VOLUME{01d4afbc17080c3d-ea174897}\WINDOWS\SYSTEM32\RUNTIMEBROKER.EXE
2019-01-20 21:18:01,\VOLUME{01d4afbc17080c3d-ea174897}\PROGRAM FILES (X86)\DROPBOX\UPDATE\1.3.141.1\DROPBOXCRASHHANDLER.EXE
2019-01-20 21:11:10,\VOLUME{01d4afbc17080c3d-ea174897}\WINDOWS\IMMERSIVECONTROLPANEL\SYSTEMSETTINGS.EXE
2019-01-20 21:09:54,\VOLUME{01d4afbc17080c3d-ea174897}\WINDOWS\IMMERSIVECONTROLPANEL\SYSTEMSETTINGS.EXE
2019-01-21 19:49:35,\VOLUME{01d4afbc17080c3d-ea174897}\WINDOWS\SERVICING\TRUSTEDINSTALLER.EXE
2019-01-20 21:27:21,\VOLUME{01d4afbc17080c3d-ea174897}\WINDOWS\SERVICING\TRUSTEDINSTALLER.EXE
2019-01-20 21:22:45,\VOLUME{01d4afbc17080c3d-ea174897}\WINDOWS\SERVICING\TRUSTEDINSTALLER.EXE
2019-01-20 21:18:11,\VOLUME{01d4afbc17080c3d-ea174897}\WINDOWS\SERVICING\TRUSTEDINSTALLER.EXE
2019-01-20 21:15:15,\VOLUME{01d4afbc17080c3d-ea174897}\WINDOWS\SERVICING\TRUSTEDINSTALLER.EXE
2019-01-20 21:11:15,\VOLUME{01d4afbc17080c3d-ea174897}\WINDOWS\SERVICING\TRUSTEDINSTALLER.EXE
2019-01-20 18:25:03,\VOLUME{01d4afbc17080c3d-ea174897}\WINDOWS\SERVICING\TRUSTEDINSTALLER.EXE
2019-01-20 03:54:46,\VOLUME{01d4afbc17080c3d-ea174897}\WINDOWS\SERVICING\TRUSTEDINSTALLER.EXE
2019-01-20 21:18:10,\VOLUME{01d4afbc17080c3d-ea174897}\WINDOWS\SYSTEM32\MOBSYNC.EXE
2019-01-20 20:51:21,\VOLUME{01d4afbc17080c3d-ea174897}\WINDOWS\SYSTEM32\MOBSYNC.EXE
2019-01-20 03:50:39,\VOLUME{01d4afbc17080c3d-ea174897}\WINDOWS\SYSTEM32\MOBSYNC.EXE
2019-01-19 03:14:16,\VOLUME{01d4afbc17080c3d-ea174897}\WINDOWS\SYSTEM32\MOBSYNC.EXE
